open,close,low,high,period
314.2300000000000000,307.3500000000000000,294.6700000000000000,315.1900000000000000,2019-07-18 17:00:00
307.3500000000000000,324.0700000000000000,304.7100000000000000,343.4800000000000000,2019-07-19 17:00:00
324.1300000000000000,320.7100000000000000,310.4100000000000000,332.2900000000000000,2019-07-20 17:00:00
320.7700000000000000,310.5800000000000000,300.0000000000000000,324.8300000000000000,2019-07-21 17:00:00
310.6800000000000000,298.0500000000000000,291.3400000000000000,316.0000000000000000,2019-07-22 17:00:00
297.7900000000000000,302.2500000000000000,282.1600000000000000,309.0800000000000000,2019-07-23 17:00:00
302.1900000000000000,302.3000000000000000,293.9600000000000000,312.1800000000000000,2019-07-24 17:00:00
302.3800000000000000,317.1600000000000000,294.1900000000000000,325.4100000000000000,2019-07-25 17:00:00
317.1100000000000000,305.3700000000000000,298.2100000000000000,324.8400000000000000,2019-07-26 17:00:00
305.6000000000000000,311.1600000000000000,290.4400000000000000,312.7700000000000000,2019-07-27 17:00:00
311.2900000000000000,305.8000000000000000,301.7700000000000000,315.3500000000000000,2019-07-28 17:00:00
305.7000000000000000,318.1400000000000000,302.2100000000000000,324.7500000000000000,2019-07-29 17:00:00
318.1800000000000000,328.7500000000000000,317.4800000000000000,337.7200000000000000,2019-07-30 17:00:00
328.6600000000000000,328.8000000000000000,317.7900000000000000,330.7400000000000000,2019-07-31 17:00:00
328.9200000000000000,327.8500000000000000,318.7900000000000000,334.2600000000000000,2019-08-01 17:00:00
327.8500000000000000,335.6300000000000000,326.1100000000000000,349.8900000000000000,2019-08-02 17:00:00
335.5900000000000000,335.1900000000000000,328.1200000000000000,338.6200000000000000,2019-08-03 17:00:00
335.0100000000000000,347.7700000000000000,335.0100000000000000,355.9100000000000000,2019-08-04 17:00:00
347.7200000000000000,336.0200000000000000,330.2500000000000000,355.0000000000000000,2019-08-05 17:00:00
335.8100000000000000,338.3400000000000000,330.1200000000000000,346.8300000000000000,2019-08-06 17:00:00
338.3600000000000000,333.6200000000000000,325.7800000000000000,339.9900000000000000,2019-08-07 17:00:00
333.7700000000000000,331.4100000000000000,330.6400000000000000,335.3400000000000000,2019-08-08 17:00:00
345.0100000000000000,348.1100000000000000,342.6300000000000000,353.1200000000000000,2019-08-12 17:00:00
348.1000000000000000,311.7400000000000000,305.5100000000000000,360.0000000000000000,2019-08-13 17:00:00
311.8500000000000000,314.3800000000000000,298.1300000000000000,322.7600000000000000,2019-08-14 17:00:00
314.3800000000000000,308.4600000000000000,297.6300000000000000,315.9200000000000000,2019-08-15 17:00:00
308.4200000000000000,306.6200000000000000,300.0900000000000000,312.5200000000000000,2019-08-16 17:00:00
306.6700000000000000,317.2200000000000000,302.2100000000000000,325.0000000000000000,2019-08-17 17:00:00
317.1100000000000000,324.9400000000000000,312.6200000000000000,328.6000000000000000,2019-08-18 17:00:00
324.9100000000000000,315.3900000000000000,311.1600000000000000,326.0400000000000000,2019-08-19 17:00:00
315.5700000000000000,303.9300000000000000,288.2600000000000000,316.2900000000000000,2019-08-20 17:00:00
304.2800000000000000,311.8000000000000000,293.8000000000000000,315.8800000000000000,2019-08-21 17:00:00
311.7900000000000000,315.6400000000000000,305.0000000000000000,318.5100000000000000,2019-08-22 17:00:00
315.4700000000000000,305.2500000000000000,298.4600000000000000,316.3600000000000000,2019-08-23 17:00:00
305.6900000000000000,305.5200000000000000,300.5700000000000000,312.3400000000000000,2019-08-24 17:00:00
305.5800000000000000,311.0200000000000000,304.6200000000000000,315.0000000000000000,2019-08-25 17:00:00
311.2900000000000000,308.3900000000000000,303.3900000000000000,313.5000000000000000,2019-08-26 17:00:00
308.5900000000000000,292.0800000000000000,285.0000000000000000,310.2000000000000000,2019-08-27 17:00:00
291.8700000000000000,279.9400000000000000,275.4100000000000000,292.1000000000000000,2019-08-28 17:00:00
280.1100000000000000,278.9300000000000000,269.8700000000000000,284.4000000000000000,2019-08-29 17:00:00
278.7500000000000000,278.8700000000000000,270.0000000000000000,285.1500000000000000,2019-08-30 17:00:00
279.0400000000000000,280.7000000000000000,272.8200000000000000,283.4700000000000000,2019-08-31 17:00:00
280.7000000000000000,292.8400000000000000,279.1800000000000000,304.1900000000000000,2019-09-01 17:00:00
292.9400000000000000,300.2400000000000000,292.2500000000000000,306.3800000000000000,2019-09-02 17:00:00
300.3200000000000000,294.1500000000000000,291.8700000000000000,301.6000000000000000,2019-09-03 17:00:00
293.9400000000000000,292.5300000000000000,285.0700000000000000,296.0000000000000000,2019-09-04 17:00:00
292.5100000000000000,286.4900000000000000,278.5600000000000000,301.7700000000000000,2019-09-05 17:00:00
286.4100000000000000,299.6200000000000000,283.8500000000000000,305.1800000000000000,2019-09-06 17:00:00
299.6700000000000000,306.3400000000000000,293.2100000000000000,310.9200000000000000,2019-09-07 17:00:00
306.3400000000000000,304.2400000000000000,297.5400000000000000,312.8400000000000000,2019-09-08 17:00:00
304.1300000000000000,304.1800000000000000,298.9200000000000000,311.0500000000000000,2019-09-09 17:00:00
304.0400000000000000,299.0500000000000000,291.8800000000000000,307.6100000000000000,2019-09-10 17:00:00
299.1100000000000000,300.0100000000000000,294.6600000000000000,301.9000000000000000,2019-09-11 17:00:00
300.0200000000000000,298.1700000000000000,294.4100000000000000,300.4800000000000000,2019-09-12 17:00:00
298.2100000000000000,304.0900000000000000,295.8900000000000000,307.0000000000000000,2019-09-13 17:00:00
304.1400000000000000,303.1300000000000000,301.5000000000000000,307.0000000000000000,2019-09-14 17:00:00
303.1500000000000000,307.4300000000000000,300.0200000000000000,309.3300000000000000,2019-09-15 17:00:00
307.5400000000000000,318.5800000000000000,304.6900000000000000,329.0000000000000000,2019-09-16 17:00:00
318.4600000000000000,323.3400000000000000,318.3400000000000000,333.1200000000000000,2019-09-17 17:00:00
323.2900000000000000,322.8300000000000000,305.1600000000000000,324.4000000000000000,2019-09-18 17:00:00
322.6800000000000000,315.3100000000000000,307.8900000000000000,324.8600000000000000,2019-09-19 17:00:00
315.3500000000000000,311.8200000000000000,309.3900000000000000,318.4400000000000000,2019-09-20 17:00:00
311.8200000000000000,306.6300000000000000,301.7100000000000000,312.1700000000000000,2019-09-21 17:00:00
306.7800000000000000,292.1600000000000000,290.5100000000000000,308.1200000000000000,2019-09-22 17:00:00
292.1300000000000000,218.0700000000000000,204.3500000000000000,293.5600000000000000,2019-09-23 17:00:00
217.9900000000000000,227.2600000000000000,216.4700000000000000,234.6300000000000000,2019-09-24 17:00:00
227.2200000000000000,214.0100000000000000,202.1500000000000000,227.6000000000000000,2019-09-25 17:00:00
214.0800000000000000,220.1600000000000000,207.8100000000000000,223.0900000000000000,2019-09-26 17:00:00
220.1600000000000000,227.0900000000000000,217.2800000000000000,230.1900000000000000,2019-09-27 17:00:00
227.1000000000000000,218.0000000000000000,211.5600000000000000,227.3500000000000000,2019-09-28 17:00:00
218.0700000000000000,227.3400000000000000,212.1300000000000000,230.4900000000000000,2019-09-29 17:00:00
227.3000000000000000,222.5700000000000000,218.6000000000000000,235.7100000000000000,2019-09-30 17:00:00
222.5700000000000000,224.5800000000000000,219.6800000000000000,225.4400000000000000,2019-10-01 17:00:00
224.7900000000000000,222.0600000000000000,216.2000000000000000,225.3100000000000000,2019-10-02 17:00:00
222.1000000000000000,221.3100000000000000,217.9000000000000000,225.3600000000000000,2019-10-03 17:00:00
221.2600000000000000,222.7400000000000000,218.0000000000000000,223.5100000000000000,2019-10-04 17:00:00
222.7500000000000000,220.2800000000000000,214.6300000000000000,223.2500000000000000,2019-10-05 17:00:00
220.3000000000000000,232.7200000000000000,218.3900000000000000,237.7200000000000000,2019-10-06 17:00:00
232.7200000000000000,231.4600000000000000,227.0300000000000000,239.3000000000000000,2019-10-07 17:00:00
231.4500000000000000,238.2000000000000000,228.0500000000000000,245.1300000000000000,2019-10-08 17:00:00
238.2000000000000000,237.9400000000000000,237.6700000000000000,239.8000000000000000,2019-10-09 17:00:00
225.2500000000000000,222.0800000000000000,217.2400000000000000,226.6100000000000000,2019-10-14 17:00:00
222.1400000000000000,216.6400000000000000,213.7600000000000000,226.0000000000000000,2019-10-15 17:00:00
216.7400000000000000,219.8600000000000000,213.8000000000000000,220.9900000000000000,2019-10-16 17:00:00
219.7600000000000000,211.6900000000000000,208.4300000000000000,220.6400000000000000,2019-10-17 17:00:00
211.6700000000000000,212.9600000000000000,210.4200000000000000,216.1300000000000000,2019-10-18 17:00:00
212.9600000000000000,224.7100000000000000,210.6200000000000000,226.6400000000000000,2019-10-19 17:00:00
224.6200000000000000,232.1400000000000000,223.0300000000000000,236.0000000000000000,2019-10-20 17:00:00
231.9800000000000000,226.9500000000000000,225.4000000000000000,234.0000000000000000,2019-10-21 17:00:00
226.9500000000000000,210.0200000000000000,198.0000000000000000,227.6700000000000000,2019-10-22 17:00:00
210.0600000000000000,212.0100000000000000,205.8200000000000000,217.5900000000000000,2019-10-23 17:00:00
212.0200000000000000,258.9800000000000000,211.6900000000000000,273.4500000000000000,2019-10-24 17:00:00
259.0500000000000000,252.5000000000000000,241.6600000000000000,285.5000000000000000,2019-10-25 17:00:00
252.5300000000000000,260.6100000000000000,245.1000000000000000,268.9900000000000000,2019-10-26 17:00:00
260.6100000000000000,263.6700000000000000,257.6600000000000000,276.1500000000000000,2019-10-27 17:00:00
263.6500000000000000,289.2400000000000000,263.1700000000000000,298.9800000000000000,2019-10-28 17:00:00
289.2400000000000000,288.5600000000000000,283.0000000000000000,307.0000000000000000,2019-10-29 17:00:00
288.4100000000000000,282.5400000000000000,269.2000000000000000,293.2600000000000000,2019-10-30 17:00:00
282.6100000000000000,278.2600000000000000,269.5000000000000000,283.2700000000000000,2019-10-31 17:00:00
278.2600000000000000,289.6300000000000000,277.5500000000000000,296.0000000000000000,2019-11-01 17:00:00
289.5900000000000000,291.1000000000000000,282.1200000000000000,304.4600000000000000,2019-11-02 17:00:00
291.1200000000000000,290.3000000000000000,284.4800000000000000,294.8800000000000000,2019-11-03 16:00:00
290.3000000000000000,292.8800000000000000,286.1400000000000000,298.4900000000000000,2019-11-04 16:00:00
292.8300000000000000,305.2800000000000000,290.9300000000000000,308.0600000000000000,2019-11-05 16:00:00
305.4400000000000000,291.9400000000000000,284.8600000000000000,306.4600000000000000,2019-11-06 16:00:00
291.9300000000000000,277.2000000000000000,270.0300000000000000,294.2100000000000000,2019-11-07 16:00:00
277.0900000000000000,282.5700000000000000,275.8100000000000000,283.9600000000000000,2019-11-08 16:00:00
282.5700000000000000,293.0300000000000000,279.2800000000000000,300.0000000000000000,2019-11-09 16:00:00
292.9500000000000000,286.5700000000000000,281.7400000000000000,296.8800000000000000,2019-11-10 16:00:00
286.5500000000000000,289.3800000000000000,280.5900000000000000,295.0100000000000000,2019-11-11 16:00:00
289.4200000000000000,285.4200000000000000,281.8100000000000000,289.9800000000000000,2019-11-12 16:00:00
285.4700000000000000,277.7100000000000000,269.8700000000000000,286.4100000000000000,2019-11-13 16:00:00
277.6500000000000000,263.2700000000000000,258.7100000000000000,279.8100000000000000,2019-11-14 16:00:00
263.3100000000000000,265.2700000000000000,261.7400000000000000,267.9100000000000000,2019-11-15 16:00:00
265.1700000000000000,265.8900000000000000,260.0000000000000000,270.0200000000000000,2019-11-16 16:00:00
265.8300000000000000,246.4300000000000000,238.3100000000000000,265.9200000000000000,2019-11-17 16:00:00
246.4800000000000000,242.2200000000000000,232.7300000000000000,248.4100000000000000,2019-11-18 16:00:00
242.2200000000000000,243.3300000000000000,238.0000000000000000,248.1100000000000000,2019-11-19 16:00:00
243.3200000000000000,226.4200000000000000,219.5400000000000000,246.8100000000000000,2019-11-20 16:00:00
226.4100000000000000,207.3900000000000000,193.7400000000000000,229.5600000000000000,2019-11-21 16:00:00
207.4500000000000000,214.9500000000000000,200.0000000000000000,217.9700000000000000,2019-11-22 16:00:00
215.1300000000000000,202.1000000000000000,199.5400000000000000,216.3600000000000000,2019-11-23 16:00:00
202.2400000000000000,207.1800000000000000,191.9000000000000000,216.5100000000000000,2019-11-24 16:00:00
207.1800000000000000,210.8100000000000000,206.8800000000000000,215.2100000000000000,2019-11-25 16:00:00
210.7800000000000000,219.2700000000000000,203.4500000000000000,225.0700000000000000,2019-11-26 16:00:00
219.2000000000000000,220.0800000000000000,218.9400000000000000,221.7200000000000000,2019-11-27 16:00:00
223.0500000000000000,224.0000000000000000,220.3800000000000000,226.4900000000000000,2019-11-28 16:00:00
223.8900000000000000,217.4500000000000000,214.4100000000000000,224.6700000000000000,2019-11-29 16:00:00
217.4300000000000000,214.3600000000000000,209.2400000000000000,218.1800000000000000,2019-11-30 16:00:00
214.3700000000000000,213.6700000000000000,209.6800000000000000,216.2500000000000000,2019-12-01 16:00:00
213.7200000000000000,211.5000000000000000,210.9900000000000000,215.9500000000000000,2019-12-02 16:00:00
211.4700000000000000,207.4700000000000000,202.5000000000000000,219.6800000000000000,2019-12-03 16:00:00
207.3600000000000000,211.5000000000000000,200.8800000000000000,214.4600000000000000,2019-12-04 16:00:00
211.6000000000000000,212.8400000000000000,209.2000000000000000,214.0000000000000000,2019-12-05 16:00:00
212.9000000000000000,211.0000000000000000,210.0100000000000000,216.6200000000000000,2019-12-06 16:00:00
210.9700000000000000,212.5800000000000000,208.0000000000000000,214.8900000000000000,2019-12-07 16:00:00
212.4200000000000000,208.2700000000000000,205.4000000000000000,215.0800000000000000,2019-12-08 16:00:00
208.1800000000000000,206.5400000000000000,203.7100000000000000,209.3500000000000000,2019-12-09 16:00:00
206.6300000000000000,207.0100000000000000,204.0500000000000000,207.9900000000000000,2019-12-10 16:00:00
207.1000000000000000,206.7900000000000000,203.6700000000000000,207.9700000000000000,2019-12-11 16:00:00
206.6200000000000000,211.3200000000000000,206.2500000000000000,212.7100000000000000,2019-12-12 16:00:00
211.4400000000000000,205.8700000000000000,204.6700000000000000,213.1100000000000000,2019-12-13 16:00:00
205.8700000000000000,206.8800000000000000,204.8800000000000000,211.7200000000000000,2019-12-14 16:00:00
206.8700000000000000,196.2700000000000000,193.8500000000000000,208.6700000000000000,2019-12-15 16:00:00
196.2600000000000000,176.4500000000000000,172.1000000000000000,196.9600000000000000,2019-12-16 16:00:00
176.4500000000000000,189.0000000000000000,169.6600000000000000,191.7500000000000000,2019-12-17 16:00:00
188.9000000000000000,185.9600000000000000,183.4900000000000000,191.0000000000000000,2019-12-18 16:00:00
186.0700000000000000,187.4400000000000000,183.8200000000000000,190.7200000000000000,2019-12-19 16:00:00
187.3900000000000000,186.2100000000000000,185.3300000000000000,188.4300000000000000,2019-12-20 16:00:00
186.2100000000000000,196.2700000000000000,185.7300000000000000,197.4000000000000000,2019-12-21 16:00:00
196.2800000000000000,189.6100000000000000,188.2000000000000000,198.0000000000000000,2019-12-22 16:00:00
189.6600000000000000,188.3000000000000000,185.0000000000000000,191.6800000000000000,2019-12-23 16:00:00
188.3100000000000000,185.3400000000000000,182.6900000000000000,188.7800000000000000,2019-12-24 16:00:00
185.3400000000000000,187.7900000000000000,184.0100000000000000,194.9900000000000000,2019-12-25 16:00:00
187.7000000000000000,203.2100000000000000,186.8300000000000000,203.9200000000000000,2019-12-26 16:00:00
203.3300000000000000,206.2700000000000000,202.5300000000000000,210.0000000000000000,2019-12-27 16:00:00
206.2600000000000000,212.3400000000000000,204.3400000000000000,215.9400000000000000,2019-12-28 16:00:00
212.2900000000000000,208.6200000000000000,205.6500000000000000,215.0000000000000000,2019-12-29 16:00:00
208.6100000000000000,204.5200000000000000,201.7300000000000000,214.1100000000000000,2019-12-30 16:00:00
204.5700000000000000,204.4400000000000000,203.1000000000000000,209.0000000000000000,2019-12-31 16:00:00
204.4300000000000000,195.4900000000000000,192.8000000000000000,205.5300000000000000,2020-01-01 16:00:00
195.4900000000000000,222.4300000000000000,191.9000000000000000,226.0000000000000000,2020-01-02 16:00:00
222.3800000000000000,224.4700000000000000,219.5600000000000000,227.6400000000000000,2020-01-03 16:00:00
224.4500000000000000,222.7900000000000000,220.6000000000000000,227.6300000000000000,2020-01-04 16:00:00
222.8200000000000000,244.2500000000000000,222.2000000000000000,247.0000000000000000,2020-01-05 16:00:00
244.2600000000000000,242.3000000000000000,232.0000000000000000,246.9000000000000000,2020-01-06 16:00:00
242.4800000000000000,240.1900000000000000,229.5900000000000000,255.1900000000000000,2020-01-07 16:00:00
240.1300000000000000,238.0100000000000000,231.2600000000000000,243.8900000000000000,2020-01-08 16:00:00
238.0600000000000000,271.8300000000000000,231.1300000000000000,275.0000000000000000,2020-01-09 16:00:00
271.9500000000000000,260.8300000000000000,258.6800000000000000,279.4900000000000000,2020-01-10 16:00:00
260.6900000000000000,270.7700000000000000,257.8500000000000000,271.3900000000000000,2020-01-11 16:00:00
270.8500000000000000,267.2100000000000000,261.0600000000000000,272.9900000000000000,2020-01-12 16:00:00
267.2400000000000000,348.3500000000000000,267.1400000000000000,368.0800000000000000,2020-01-13 16:00:00
348.3500000000000000,339.9900000000000000,312.6200000000000000,362.8900000000000000,2020-01-14 16:00:00
340.0000000000000000,326.7600000000000000,309.2000000000000000,342.9600000000000000,2020-01-15 16:00:00
326.5800000000000000,368.0000000000000000,319.4600000000000000,383.9200000000000000,2020-01-16 16:00:00
367.9800000000000000,339.0100000000000000,330.0000000000000000,405.8600000000000000,2020-01-17 16:00:00
338.7900000000000000,339.6100000000000000,319.7800000000000000,366.2700000000000000,2020-01-18 16:00:00
339.5400000000000000,343.3900000000000000,322.4600000000000000,352.9400000000000000,2020-01-19 16:00:00
343.3800000000000000,343.5000000000000000,332.0500000000000000,348.2200000000000000,2020-01-20 16:00:00
343.5000000000000000,349.2200000000000000,339.1600000000000000,354.5200000000000000,2020-01-21 16:00:00
349.1100000000000000,325.2100000000000000,316.3600000000000000,350.1500000000000000,2020-01-22 16:00:00
325.0900000000000000,318.8300000000000000,297.0000000000000000,327.9500000000000000,2020-01-23 16:00:00
318.8200000000000000,310.1300000000000000,305.1000000000000000,319.2700000000000000,2020-01-24 16:00:00
310.2900000000000000,348.2400000000000000,307.4300000000000000,349.9600000000000000,2020-01-25 16:00:00
348.2500000000000000,362.8600000000000000,347.6500000000000000,378.1900000000000000,2020-01-26 16:00:00
362.9000000000000000,378.6000000000000000,360.2600000000000000,385.3800000000000000,2020-01-27 16:00:00
378.4300000000000000,380.2600000000000000,375.8000000000000000,396.3100000000000000,2020-01-28 16:00:00
380.2400000000000000,392.6900000000000000,370.8800000000000000,399.3400000000000000,2020-01-29 16:00:00
392.5200000000000000,374.8600000000000000,364.1600000000000000,394.9900000000000000,2020-01-30 16:00:00
374.8900000000000000,380.0800000000000000,372.3100000000000000,389.6400000000000000,2020-01-31 16:00:00
380.1600000000000000,377.3400000000000000,368.9100000000000000,387.7000000000000000,2020-02-01 16:00:00
377.2400000000000000,384.2500000000000000,374.4000000000000000,392.8400000000000000,2020-02-02 16:00:00
384.1900000000000000,380.9300000000000000,372.3800000000000000,389.5000000000000000,2020-02-03 16:00:00
380.9500000000000000,444.9200000000000000,378.7200000000000000,445.4600000000000000,2020-02-04 16:00:00
444.9300000000000000,445.7600000000000000,416.8800000000000000,448.4300000000000000,2020-02-05 16:00:00
445.6900000000000000,439.2100000000000000,432.1200000000000000,459.7000000000000000,2020-02-06 16:00:00
439.3900000000000000,444.4600000000000000,425.1600000000000000,454.5000000000000000,2020-02-07 16:00:00
444.4600000000000000,449.7200000000000000,434.7900000000000000,459.5600000000000000,2020-02-08 16:00:00
449.7700000000000000,452.0500000000000000,435.8600000000000000,463.3700000000000000,2020-02-09 16:00:00
452.0000000000000000,461.8900000000000000,440.4400000000000000,469.3200000000000000,2020-02-10 16:00:00
462.0000000000000000,473.5500000000000000,462.0000000000000000,481.8700000000000000,2020-02-11 16:00:00
473.5500000000000000,477.3200000000000000,457.7000000000000000,484.9800000000000000,2020-02-12 16:00:00
477.1700000000000000,493.7700000000000000,465.9900000000000000,498.2300000000000000,2020-02-13 16:00:00
493.7700000000000000,438.9600000000000000,414.0000000000000000,494.9900000000000000,2020-02-14 16:00:00
438.9000000000000000,411.6800000000000000,382.0900000000000000,458.2200000000000000,2020-02-15 16:00:00
411.8100000000000000,412.9900000000000000,367.0000000000000000,417.0900000000000000,2020-02-16 16:00:00
412.9900000000000000,420.2000000000000000,385.0000000000000000,427.4700000000000000,2020-02-17 16:00:00
420.3800000000000000,378.4600000000000000,370.0000000000000000,423.7000000000000000,2020-02-18 16:00:00
378.3400000000000000,371.1000000000000000,352.7000000000000000,388.0000000000000000,2020-02-19 16:00:00
370.8800000000000000,377.7400000000000000,367.2300000000000000,388.8800000000000000,2020-02-20 16:00:00
377.9300000000000000,373.1400000000000000,366.9300000000000000,380.4300000000000000,2020-02-21 16:00:00
372.9900000000000000,401.5700000000000000,372.2400000000000000,404.4200000000000000,2020-02-22 16:00:00
401.5000000000000000,378.2200000000000000,363.0000000000000000,408.4300000000000000,2020-02-23 16:00:00
378.0800000000000000,353.0700000000000000,343.9900000000000000,379.8500000000000000,2020-02-24 16:00:00
353.0100000000000000,316.6700000000000000,301.1000000000000000,362.4100000000000000,2020-02-25 16:00:00
316.7700000000000000,324.6200000000000000,307.1600000000000000,335.4000000000000000,2020-02-26 16:00:00
324.4800000000000000,314.9700000000000000,298.9500000000000000,329.3400000000000000,2020-02-27 16:00:00
315.0900000000000000,311.9700000000000000,309.1400000000000000,322.5900000000000000,2020-02-28 16:00:00
339.3300000000000000,329.6100000000000000,321.1300000000000000,339.3800000000000000,2020-03-02 16:00:00
329.6600000000000000,319.4600000000000000,308.3500000000000000,332.1900000000000000,2020-03-03 16:00:00
319.5800000000000000,340.6900000000000000,319.3600000000000000,343.4600000000000000,2020-03-04 16:00:00
337.0800000000000000,350.7300000000000000,332.3000000000000000,353.6100000000000000,2020-03-05 16:00:00
350.7400000000000000,343.7200000000000000,342.0800000000000000,351.1100000000000000,2020-03-06 16:00:00
272.9000000000000000,273.0000000000000000,252.1300000000000000,280.2900000000000000,2020-03-08 17:00:00
273.0400000000000000,271.7900000000000000,262.8000000000000000,277.9500000000000000,2020-03-09 17:00:00
271.8500000000000000,266.9800000000000000,250.0200000000000000,275.0000000000000000,2020-03-10 17:00:00
267.0800000000000000,144.1300000000000000,136.0000000000000000,267.8200000000000000,2020-03-11 17:00:00
144.1300000000000000,177.4600000000000000,129.0000000000000000,189.6700000000000000,2020-03-12 17:00:00
177.4600000000000000,167.2000000000000000,163.9400000000000000,180.4000000000000000,2020-03-13 17:00:00
167.0800000000000000,178.2000000000000000,165.4400000000000000,190.6900000000000000,2020-03-14 17:00:00
178.2000000000000000,172.4100000000000000,147.1400000000000000,184.4100000000000000,2020-03-15 17:00:00
172.4500000000000000,182.4100000000000000,168.7300000000000000,188.2700000000000000,2020-03-16 17:00:00
182.5000000000000000,184.8400000000000000,169.0000000000000000,186.0000000000000000,2020-03-17 17:00:00
184.7600000000000000,220.8300000000000000,177.6200000000000000,233.6000000000000000,2020-03-18 17:00:00
220.8300000000000000,215.1000000000000000,190.4400000000000000,246.0600000000000000,2020-03-19 17:00:00
215.0500000000000000,220.0400000000000000,206.3500000000000000,230.0000000000000000,2020-03-20 17:00:00
219.9600000000000000,202.7300000000000000,199.5800000000000000,233.0000000000000000,2020-03-21 17:00:00
202.6500000000000000,221.2600000000000000,198.0900000000000000,227.4400000000000000,2020-03-22 17:00:00
221.2300000000000000,227.2400000000000000,217.3700000000000000,230.4700000000000000,2020-03-23 17:00:00
227.2600000000000000,220.6800000000000000,213.0900000000000000,231.4500000000000000,2020-03-24 17:00:00
220.7100000000000000,227.7600000000000000,218.1100000000000000,228.4300000000000000,2020-03-25 17:00:00
227.7800000000000000,213.2100000000000000,208.2400000000000000,233.8100000000000000,2020-03-26 17:00:00
213.3200000000000000,213.8900000000000000,201.8200000000000000,217.1300000000000000,2020-03-27 17:00:00
213.8600000000000000,205.5400000000000000,204.5000000000000000,217.3400000000000000,2020-03-28 17:00:00
205.5100000000000000,219.9700000000000000,205.3200000000000000,226.8000000000000000,2020-03-29 17:00:00
220.0000000000000000,218.3600000000000000,215.7600000000000000,223.8800000000000000,2020-03-30 17:00:00
218.4400000000000000,223.7400000000000000,211.2400000000000000,224.9600000000000000,2020-03-31 17:00:00
223.7200000000000000,231.7200000000000000,221.9900000000000000,248.7700000000000000,2020-04-01 17:00:00
231.8400000000000000,236.0900000000000000,214.0000000000000000,241.9600000000000000,2020-04-02 17:00:00
236.0900000000000000,238.0200000000000000,231.8800000000000000,242.1700000000000000,2020-04-03 17:00:00
238.0500000000000000,230.9900000000000000,223.1900000000000000,239.7500000000000000,2020-04-04 17:00:00
231.0200000000000000,258.0900000000000000,230.7100000000000000,259.8600000000000000,2020-04-05 17:00:00
258.0800000000000000,252.5200000000000000,246.7000000000000000,265.6500000000000000,2020-04-06 17:00:00
252.5200000000000000,267.3100000000000000,250.0100000000000000,280.2500000000000000,2020-04-07 17:00:00
267.3400000000000000,255.9100000000000000,253.2700000000000000,274.7400000000000000,2020-04-08 17:00:00
255.8800000000000000,232.7000000000000000,225.3500000000000000,258.9000000000000000,2020-04-09 17:00:00
232.6100000000000000,232.9400000000000000,221.7500000000000000,240.0800000000000000,2020-04-10 17:00:00
232.9300000000000000,233.0900000000000000,226.8800000000000000,244.7900000000000000,2020-04-11 17:00:00
233.0900000000000000,223.4900000000000000,215.1200000000000000,233.1400000000000000,2020-04-12 17:00:00
223.4400000000000000,223.2000000000000000,219.0000000000000000,228.5600000000000000,2020-04-13 17:00:00
223.0400000000000000,215.0400000000000000,213.8600000000000000,225.2800000000000000,2020-04-14 17:00:00
214.9700000000000000,234.9500000000000000,206.3000000000000000,239.8500000000000000,2020-04-15 17:00:00
235.0000000000000000,231.8800000000000000,229.1700000000000000,236.9400000000000000,2020-04-16 17:00:00
231.8300000000000000,243.6400000000000000,231.5400000000000000,247.5900000000000000,2020-04-17 17:00:00
243.6300000000000000,231.2700000000000000,229.0000000000000000,244.9700000000000000,2020-04-18 17:00:00
231.2700000000000000,219.0200000000000000,215.6200000000000000,238.5000000000000000,2020-04-19 17:00:00
219.0200000000000000,219.4200000000000000,215.0300000000000000,223.5000000000000000,2020-04-20 17:00:00
219.4400000000000000,232.9400000000000000,217.3300000000000000,235.9500000000000000,2020-04-21 17:00:00
233.0800000000000000,237.4000000000000000,225.8300000000000000,247.0000000000000000,2020-04-22 17:00:00
237.3600000000000000,237.9000000000000000,233.3100000000000000,242.2600000000000000,2020-04-23 17:00:00
237.9000000000000000,238.0700000000000000,235.0400000000000000,245.7600000000000000,2020-04-24 17:00:00
238.0600000000000000,246.3600000000000000,237.3800000000000000,249.4200000000000000,2020-04-25 17:00:00
246.3500000000000000,242.7500000000000000,234.0200000000000000,248.0700000000000000,2020-04-26 17:00:00
242.7700000000000000,241.1400000000000000,236.9400000000000000,243.1300000000000000,2020-04-27 17:00:00
241.1400000000000000,257.7700000000000000,241.0300000000000000,262.8100000000000000,2020-04-28 17:00:00
257.7100000000000000,250.0500000000000000,245.0100000000000000,275.5700000000000000,2020-04-29 17:00:00
250.0500000000000000,254.7900000000000000,250.0500000000000000,260.2200000000000000,2020-04-30 17:00:00
254.7900000000000000,260.8400000000000000,252.2000000000000000,261.0000000000000000,2020-05-01 17:00:00
260.8400000000000000,251.6500000000000000,245.7000000000000000,267.7600000000000000,2020-05-02 17:00:00
251.6900000000000000,245.7500000000000000,236.0000000000000000,252.6100000000000000,2020-05-03 17:00:00
245.7700000000000000,246.9000000000000000,240.9600000000000000,252.2800000000000000,2020-05-04 17:00:00
246.9200000000000000,241.3200000000000000,239.9500000000000000,253.9100000000000000,2020-05-05 17:00:00
241.3200000000000000,251.9000000000000000,235.5000000000000000,256.6200000000000000,2020-05-06 17:00:00
251.9400000000000000,260.3000000000000000,247.8500000000000000,265.8300000000000000,2020-05-07 17:00:00
260.1600000000000000,265.2400000000000000,258.5100000000000000,277.4600000000000000,2020-05-08 17:00:00
265.2600000000000000,232.5600000000000000,221.3300000000000000,265.7200000000000000,2020-05-09 17:00:00
232.6800000000000000,235.1600000000000000,216.5200000000000000,238.0000000000000000,2020-05-10 17:00:00
235.1700000000000000,233.2300000000000000,228.4200000000000000,239.4000000000000000,2020-05-11 17:00:00
233.2500000000000000,239.4100000000000000,231.7400000000000000,242.0000000000000000,2020-05-12 17:00:00
239.3400000000000000,242.6100000000000000,233.8300000000000000,245.8200000000000000,2020-05-13 17:00:00
242.5100000000000000,235.2100000000000000,230.9300000000000000,243.3900000000000000,2020-05-14 17:00:00
235.1100000000000000,236.4500000000000000,233.6400000000000000,240.9000000000000000,2020-05-15 17:00:00
236.4500000000000000,240.7300000000000000,235.6100000000000000,247.4300000000000000,2020-05-16 17:00:00
240.7400000000000000,248.5000000000000000,240.2500000000000000,255.7500000000000000,2020-05-17 17:00:00
248.4900000000000000,246.7400000000000000,242.3600000000000000,250.9400000000000000,2020-05-18 17:00:00
246.8300000000000000,239.8500000000000000,235.0000000000000000,247.6600000000000000,2020-05-19 17:00:00
239.7900000000000000,228.2200000000000000,220.6500000000000000,243.0000000000000000,2020-05-20 17:00:00
228.1700000000000000,234.6700000000000000,225.0000000000000000,236.6900000000000000,2020-05-21 17:00:00
234.6700000000000000,234.1100000000000000,231.9600000000000000,240.0000000000000000,2020-05-22 17:00:00
234.1200000000000000,223.0000000000000000,222.4100000000000000,237.4800000000000000,2020-05-23 17:00:00
222.9100000000000000,230.5500000000000000,220.9600000000000000,233.2800000000000000,2020-05-24 17:00:00
230.5600000000000000,228.0100000000000000,223.9100000000000000,231.2700000000000000,2020-05-25 17:00:00
228.0000000000000000,232.8500000000000000,227.0300000000000000,234.8000000000000000,2020-05-26 17:00:00
232.8500000000000000,239.8600000000000000,228.8500000000000000,241.0000000000000000,2020-05-27 17:00:00
239.9100000000000000,238.4300000000000000,233.0500000000000000,243.9900000000000000,2020-05-28 17:00:00
238.3500000000000000,252.3800000000000000,236.2000000000000000,253.7500000000000000,2020-05-29 17:00:00
252.4100000000000000,238.6900000000000000,236.0000000000000000,252.7600000000000000,2020-05-30 17:00:00
238.6700000000000000,253.1900000000000000,237.4200000000000000,255.0000000000000000,2020-05-31 17:00:00
253.2900000000000000,250.8500000000000000,241.6700000000000000,269.6100000000000000,2020-06-01 17:00:00
250.8600000000000000,253.2300000000000000,246.2500000000000000,254.0000000000000000,2020-06-02 17:00:00
253.1700000000000000,256.1800000000000000,247.5000000000000000,260.9200000000000000,2020-06-03 17:00:00
256.1700000000000000,256.0500000000000000,254.4900000000000000,263.4500000000000000,2020-06-04 17:00:00
256.1100000000000000,253.2300000000000000,250.8800000000000000,258.2600000000000000,2020-06-05 17:00:00
253.2100000000000000,253.5600000000000000,245.2200000000000000,255.7800000000000000,2020-06-06 17:00:00
253.5600000000000000,255.2400000000000000,251.3000000000000000,256.7200000000000000,2020-06-07 17:00:00
255.3000000000000000,254.0500000000000000,250.5000000000000000,257.1500000000000000,2020-06-08 17:00:00
254.0200000000000000,256.9400000000000000,250.6000000000000000,258.7600000000000000,2020-06-09 17:00:00
256.9500000000000000,234.7400000000000000,231.2800000000000000,258.0000000000000000,2020-06-10 17:00:00
234.7300000000000000,240.8500000000000000,233.0800000000000000,243.6600000000000000,2020-06-11 17:00:00
240.8500000000000000,240.6900000000000000,237.2900000000000000,242.2500000000000000,2020-06-12 17:00:00
240.7000000000000000,237.4800000000000000,234.9300000000000000,240.8400000000000000,2020-06-13 17:00:00
237.4700000000000000,235.6400000000000000,224.4100000000000000,238.3200000000000000,2020-06-14 17:00:00
235.6400000000000000,237.4600000000000000,232.5000000000000000,239.0000000000000000,2020-06-15 17:00:00
237.4700000000000000,240.3900000000000000,235.0600000000000000,246.0000000000000000,2020-06-16 17:00:00
240.4000000000000000,236.0400000000000000,232.5300000000000000,240.7000000000000000,2020-06-17 17:00:00
236.0500000000000000,233.3900000000000000,230.4600000000000000,236.5400000000000000,2020-06-18 17:00:00
233.3900000000000000,232.8000000000000000,228.6200000000000000,235.1900000000000000,2020-06-19 17:00:00
232.8000000000000000,230.3100000000000000,229.7100000000000000,234.1600000000000000,2020-06-20 17:00:00
230.3300000000000000,241.0300000000000000,229.7500000000000000,243.9800000000000000,2020-06-21 17:00:00
241.0400000000000000,240.6900000000000000,239.1800000000000000,244.4500000000000000,2020-06-22 17:00:00
240.6800000000000000,232.8000000000000000,229.3400000000000000,245.6200000000000000,2020-06-23 17:00:00
232.7200000000000000,232.4500000000000000,226.2300000000000000,235.0900000000000000,2020-06-24 17:00:00
232.4500000000000000,230.6500000000000000,228.1300000000000000,233.7200000000000000,2020-06-25 17:00:00
230.7200000000000000,216.3700000000000000,204.7700000000000000,231.5700000000000000,2020-06-26 17:00:00
216.3400000000000000,222.6700000000000000,213.4000000000000000,225.4100000000000000,2020-06-27 17:00:00
222.6700000000000000,225.2800000000000000,218.2800000000000000,227.5000000000000000,2020-06-28 17:00:00
225.3300000000000000,222.1200000000000000,220.4400000000000000,226.1000000000000000,2020-06-29 17:00:00
222.1100000000000000,223.7800000000000000,220.5600000000000000,226.7600000000000000,2020-06-30 17:00:00
223.7700000000000000,219.6500000000000000,217.1100000000000000,225.8300000000000000,2020-07-01 17:00:00
219.6300000000000000,220.7300000000000000,218.9600000000000000,223.8000000000000000,2020-07-02 17:00:00
220.7100000000000000,225.2600000000000000,220.1900000000000000,226.8600000000000000,2020-07-03 17:00:00
225.2600000000000000,222.2300000000000000,214.5200000000000000,225.8700000000000000,2020-07-04 17:00:00
222.2400000000000000,242.3400000000000000,221.7000000000000000,243.5900000000000000,2020-07-05 17:00:00
242.3500000000000000,237.8300000000000000,235.0000000000000000,244.3900000000000000,2020-07-06 17:00:00
237.8400000000000000,243.3100000000000000,235.9300000000000000,245.9800000000000000,2020-07-07 17:00:00
243.2900000000000000,238.1300000000000000,232.9900000000000000,245.6800000000000000,2020-07-08 17:00:00
238.1500000000000000,238.3800000000000000,232.5000000000000000,240.3500000000000000,2020-07-09 17:00:00
238.4100000000000000,236.5900000000000000,234.6100000000000000,239.4000000000000000,2020-07-10 17:00:00
236.5900000000000000,237.4200000000000000,231.8200000000000000,239.3600000000000000,2020-07-11 17:00:00
237.4400000000000000,232.1900000000000000,223.8300000000000000,237.8900000000000000,2020-07-12 17:00:00
232.1500000000000000,230.1200000000000000,226.3800000000000000,232.2000000000000000,2020-07-13 17:00:00
230.1200000000000000,227.4000000000000000,225.9100000000000000,230.8000000000000000,2020-07-14 17:00:00
227.4200000000000000,224.2100000000000000,216.5500000000000000,228.0900000000000000,2020-07-15 17:00:00
224.2100000000000000,222.6000000000000000,221.8800000000000000,225.6000000000000000,2020-07-16 17:00:00
222.5900000000000000,224.3300000000000000,222.1800000000000000,226.6300000000000000,2020-07-17 17:00:00
224.3300000000000000,227.7300000000000000,220.1400000000000000,228.8500000000000000,2020-07-18 17:00:00
227.7800000000000000,222.7600000000000000,220.7300000000000000,228.5000000000000000,2020-07-19 17:00:00
222.7600000000000000,230.3400000000000000,222.2200000000000000,232.5000000000000000,2020-07-20 17:00:00
230.3400000000000000,239.8000000000000000,227.6600000000000000,239.9300000000000000,2020-07-21 17:00:00
239.8000000000000000,238.3900000000000000,234.4300000000000000,243.0500000000000000,2020-07-22 17:00:00
238.3300000000000000,235.0300000000000000,232.4900000000000000,238.9700000000000000,2020-07-23 17:00:00
235.0400000000000000,251.2200000000000000,234.7700000000000000,253.5800000000000000,2020-07-24 17:00:00
251.2400000000000000,247.4500000000000000,244.0300000000000000,257.2900000000000000,2020-07-25 17:00:00
247.4700000000000000,268.6200000000000000,247.0400000000000000,275.2800000000000000,2020-07-26 17:00:00
268.6100000000000000,288.9400000000000000,264.4500000000000000,297.4400000000000000,2020-07-27 17:00:00
288.9200000000000000,287.6900000000000000,284.9500000000000000,294.5000000000000000,2020-07-28 17:00:00
287.6900000000000000,291.6200000000000000,280.5500000000000000,300.2900000000000000,2020-07-29 17:00:00
291.6200000000000000,300.5000000000000000,287.0000000000000000,306.5600000000000000,2020-07-30 17:00:00
300.4800000000000000,319.3900000000000000,298.0000000000000000,321.1900000000000000,2020-07-31 17:00:00
319.3800000000000000,284.1000000000000000,255.5200000000000000,337.9000000000000000,2020-08-01 17:00:00
284.1000000000000000,296.7700000000000000,278.9900000000000000,304.6900000000000000,2020-08-02 17:00:00
296.7900000000000000,288.0700000000000000,281.0200000000000000,303.1400000000000000,2020-08-03 17:00:00
288.0700000000000000,293.5000000000000000,284.0000000000000000,298.2500000000000000,2020-08-04 17:00:00
293.5600000000000000,309.0000000000000000,287.3300000000000000,320.0000000000000000,2020-08-05 17:00:00
309.0000000000000000,302.2000000000000000,277.0600000000000000,326.3300000000000000,2020-08-06 17:00:00
302.2000000000000000,305.3300000000000000,297.0700000000000000,309.5800000000000000,2020-08-07 17:00:00
305.3300000000000000,299.9400000000000000,291.5100000000000000,309.0200000000000000,2020-08-08 17:00:00
299.9500000000000000,302.4000000000000000,283.7500000000000000,309.1700000000000000,2020-08-09 17:00:00
302.3700000000000000,281.8300000000000000,269.5900000000000000,305.8100000000000000,2020-08-10 17:00:00
281.8000000000000000,284.6700000000000000,270.4800000000000000,290.2000000000000000,2020-08-11 17:00:00
284.7100000000000000,295.7500000000000000,274.2700000000000000,297.1200000000000000,2020-08-12 17:00:00
295.7800000000000000,293.3800000000000000,287.0200000000000000,297.9700000000000000,2020-08-13 17:00:00
293.3000000000000000,302.1700000000000000,290.5000000000000000,308.6200000000000000,2020-08-14 17:00:00
302.2500000000000000,308.2300000000000000,293.7400000000000000,313.9200000000000000,2020-08-15 17:00:00
308.3200000000000000,318.0900000000000000,301.0100000000000000,325.0000000000000000,2020-08-16 17:00:00
318.0200000000000000,303.1400000000000000,300.5000000000000000,324.4400000000000000,2020-08-17 17:00:00
303.1500000000000000,292.7300000000000000,280.8000000000000000,309.1600000000000000,2020-08-18 17:00:00
292.7400000000000000,294.6900000000000000,288.6300000000000000,296.3200000000000000,2020-08-19 17:00:00
294.6900000000000000,283.0200000000000000,281.2800000000000000,305.6000000000000000,2020-08-20 17:00:00
282.9900000000000000,286.4400000000000000,275.9000000000000000,287.7400000000000000,2020-08-21 17:00:00
286.4400000000000000,284.6700000000000000,278.6200000000000000,288.2000000000000000,2020-08-22 17:00:00
284.7300000000000000,290.6300000000000000,281.9700000000000000,295.1000000000000000,2020-08-23 17:00:00
290.6300000000000000,275.5200000000000000,268.2100000000000000,291.6200000000000000,2020-08-24 17:00:00
275.5200000000000000,274.8100000000000000,271.0000000000000000,279.0000000000000000,2020-08-25 17:00:00
274.8300000000000000,264.7100000000000000,258.1200000000000000,277.1600000000000000,2020-08-26 17:00:00
264.7900000000000000,268.6600000000000000,261.0700000000000000,271.9300000000000000,2020-08-27 17:00:00
268.5900000000000000,268.0400000000000000,265.6700000000000000,272.6500000000000000,2020-08-28 17:00:00
268.0200000000000000,279.3900000000000000,267.6400000000000000,279.5800000000000000,2020-08-29 17:00:00
279.3300000000000000,273.5000000000000000,272.7700000000000000,281.4500000000000000,2020-08-30 17:00:00
273.4800000000000000,292.0700000000000000,268.4600000000000000,298.0500000000000000,2020-08-31 17:00:00
292.0600000000000000,263.8300000000000000,257.0700000000000000,295.1700000000000000,2020-09-01 17:00:00
263.9400000000000000,213.6900000000000000,200.7300000000000000,266.3600000000000000,2020-09-02 17:00:00
229.9800000000000000,225.7100000000000000,214.0000000000000000,234.9100000000000000,2020-09-04 17:00:00
225.7400000000000000,227.6700000000000000,219.0400000000000000,233.4500000000000000,2020-09-05 17:00:00
227.7600000000000000,228.7400000000000000,215.4400000000000000,229.9900000000000000,2020-09-06 17:00:00
228.7700000000000000,222.3900000000000000,215.6600000000000000,230.5000000000000000,2020-09-07 17:00:00
222.4700000000000000,224.0900000000000000,218.4800000000000000,228.3900000000000000,2020-09-08 17:00:00
224.0500000000000000,227.3800000000000000,223.7400000000000000,230.7200000000000000,2020-09-09 17:00:00
227.3600000000000000,225.2000000000000000,220.3900000000000000,228.4700000000000000,2020-09-10 17:00:00
225.1900000000000000,230.2300000000000000,222.4100000000000000,230.3300000000000000,2020-09-11 17:00:00
230.1800000000000000,222.1000000000000000,219.1500000000000000,234.8000000000000000,2020-09-12 17:00:00
222.1000000000000000,225.8300000000000000,218.8800000000000000,228.8500000000000000,2020-09-13 17:00:00
225.7300000000000000,235.1900000000000000,224.7600000000000000,241.9100000000000000,2020-09-14 17:00:00
235.1700000000000000,230.8500000000000000,226.2100000000000000,235.4700000000000000,2020-09-15 17:00:00
230.8300000000000000,232.9100000000000000,229.6000000000000000,239.3900000000000000,2020-09-16 17:00:00
232.9000000000000000,234.0000000000000000,230.0000000000000000,238.9000000000000000,2020-09-17 17:00:00
234.0000000000000000,233.1600000000000000,231.5000000000000000,237.8000000000000000,2020-09-18 17:00:00
233.1600000000000000,226.2400000000000000,222.0200000000000000,233.3900000000000000,2020-09-19 17:00:00
226.2500000000000000,212.4800000000000000,207.4600000000000000,229.0000000000000000,2020-09-20 17:00:00
212.5200000000000000,220.0800000000000000,210.4800000000000000,220.3000000000000000,2020-09-21 17:00:00
220.0800000000000000,207.9700000000000000,203.0700000000000000,220.0900000000000000,2020-09-22 17:00:00
207.9900000000000000,216.2200000000000000,206.2700000000000000,218.9000000000000000,2020-09-23 17:00:00
216.2200000000000000,216.5200000000000000,210.8100000000000000,218.0000000000000000,2020-09-24 17:00:00
216.5400000000000000,221.3200000000000000,212.4400000000000000,224.3900000000000000,2020-09-25 17:00:00
221.3100000000000000,229.3300000000000000,216.2300000000000000,231.9700000000000000,2020-09-26 17:00:00
229.3700000000000000,225.7500000000000000,223.7100000000000000,234.8600000000000000,2020-09-27 17:00:00
225.7600000000000000,229.0600000000000000,224.3600000000000000,230.5000000000000000,2020-09-28 17:00:00
229.0400000000000000,227.9600000000000000,225.0000000000000000,231.4700000000000000,2020-09-29 17:00:00
227.9700000000000000,228.1200000000000000,221.7000000000000000,234.3500000000000000,2020-09-30 17:00:00
228.0700000000000000,219.6600000000000000,212.1400000000000000,228.4400000000000000,2020-10-01 17:00:00
219.6700000000000000,218.5300000000000000,217.6100000000000000,221.4900000000000000,2020-10-02 17:00:00
218.5000000000000000,220.8900000000000000,216.3700000000000000,222.9300000000000000,2020-10-03 17:00:00
220.8800000000000000,221.7500000000000000,218.0600000000000000,222.8000000000000000,2020-10-04 17:00:00
221.7900000000000000,219.6300000000000000,215.5000000000000000,230.4100000000000000,2020-10-05 17:00:00
219.5900000000000000,222.9800000000000000,216.1800000000000000,224.6300000000000000,2020-10-06 17:00:00
222.9800000000000000,233.9500000000000000,221.2300000000000000,236.4400000000000000,2020-10-07 17:00:00
233.9200000000000000,237.1300000000000000,231.8700000000000000,240.1800000000000000,2020-10-08 17:00:00
237.1400000000000000,237.2600000000000000,235.7300000000000000,246.4500000000000000,2020-10-09 17:00:00
237.2700000000000000,238.9700000000000000,236.1000000000000000,243.7700000000000000,2020-10-10 17:00:00
238.9700000000000000,239.6600000000000000,232.7000000000000000,243.9900000000000000,2020-10-11 17:00:00
239.6300000000000000,253.4600000000000000,237.4200000000000000,255.4300000000000000,2020-10-12 17:00:00
253.3700000000000000,259.0700000000000000,249.7500000000000000,260.4800000000000000,2020-10-13 17:00:00
259.1200000000000000,262.2600000000000000,255.5000000000000000,265.2000000000000000,2020-10-14 17:00:00
262.2500000000000000,250.3000000000000000,243.5100000000000000,266.5400000000000000,2020-10-15 17:00:00
250.3000000000000000,244.6600000000000000,241.0100000000000000,252.6000000000000000,2020-10-16 17:00:00
244.6600000000000000,249.3200000000000000,243.6400000000000000,251.0100000000000000,2020-10-17 17:00:00
249.3000000000000000,249.8700000000000000,245.0000000000000000,252.7000000000000000,2020-10-18 17:00:00
249.8200000000000000,240.7400000000000000,237.6700000000000000,250.0500000000000000,2020-10-19 17:00:00
240.7500000000000000,258.4900000000000000,239.9800000000000000,264.1100000000000000,2020-10-20 17:00:00
258.3800000000000000,267.9700000000000000,258.2600000000000000,274.6500000000000000,2020-10-21 17:00:00
268.0000000000000000,270.4200000000000000,264.2000000000000000,276.0000000000000000,2020-10-22 17:00:00
270.3800000000000000,275.8000000000000000,267.6000000000000000,278.6300000000000000,2020-10-23 17:00:00
275.7900000000000000,271.1100000000000000,268.1900000000000000,276.0500000000000000,2020-10-24 17:00:00
271.0700000000000000,259.3600000000000000,252.6100000000000000,273.3100000000000000,2020-10-25 17:00:00
259.3500000000000000,264.1100000000000000,257.1200000000000000,268.0000000000000000,2020-10-26 17:00:00
264.0800000000000000,268.0600000000000000,258.3300000000000000,280.9800000000000000,2020-10-27 17:00:00
268.1000000000000000,267.4200000000000000,257.5600000000000000,271.5600000000000000,2020-10-28 17:00:00
267.3500000000000000,261.9000000000000000,254.9800000000000000,270.6200000000000000,2020-10-29 17:00:00
262.0000000000000000,262.0100000000000000,259.6000000000000000,266.3100000000000000,2020-10-30 17:00:00
262.0000000000000000,268.0300000000000000,260.1600000000000000,270.8300000000000000,2020-10-31 17:00:00
268.0300000000000000,257.2800000000000000,253.5800000000000000,271.6600000000000000,2020-11-01 16:00:00
257.3100000000000000,244.2200000000000000,230.0000000000000000,258.8100000000000000,2020-11-02 16:00:00
244.2100000000000000,241.1400000000000000,231.0000000000000000,244.5000000000000000,2020-11-03 16:00:00
241.1400000000000000,249.5300000000000000,240.3400000000000000,252.0000000000000000,2020-11-04 16:00:00
249.5200000000000000,257.7900000000000000,248.0100000000000000,259.5100000000000000,2020-11-05 16:00:00
257.7800000000000000,253.9100000000000000,245.4300000000000000,277.0600000000000000,2020-11-06 16:00:00
253.9000000000000000,270.8000000000000000,247.0100000000000000,278.0000000000000000,2020-11-07 16:00:00
270.7300000000000000,264.2700000000000000,257.4400000000000000,274.2400000000000000,2020-11-08 16:00:00
264.2600000000000000,257.1900000000000000,254.7200000000000000,266.5300000000000000,2020-11-09 16:00:00
257.1900000000000000,256.8600000000000000,255.1600000000000000,262.5000000000000000,2020-11-10 16:00:00
256.8700000000000000,259.9900000000000000,251.6900000000000000,264.9000000000000000,2020-11-11 16:00:00
260.0100000000000000,259.2200000000000000,247.9100000000000000,262.5000000000000000,2020-11-12 16:00:00
259.2200000000000000,255.1200000000000000,253.6400000000000000,263.0000000000000000,2020-11-13 16:00:00
255.1300000000000000,240.4300000000000000,235.0000000000000000,260.2900000000000000,2020-11-14 16:00:00
240.3900000000000000,249.6000000000000000,233.0400000000000000,253.1900000000000000,2020-11-15 16:00:00
249.6700000000000000,255.3900000000000000,248.2500000000000000,259.6200000000000000,2020-11-16 16:00:00
255.2900000000000000,246.2300000000000000,242.1200000000000000,260.0000000000000000,2020-11-17 16:00:00
246.2700000000000000,245.8800000000000000,241.2300000000000000,250.0300000000000000,2020-11-18 16:00:00
245.9300000000000000,260.0100000000000000,245.5700000000000000,260.1600000000000000,2020-11-19 16:00:00
260.0000000000000000,305.0600000000000000,256.0900000000000000,309.3500000000000000,2020-11-20 16:00:00
305.0700000000000000,288.9100000000000000,273.8100000000000000,312.9700000000000000,2020-11-21 16:00:00
288.9500000000000000,323.2200000000000000,282.3300000000000000,327.1200000000000000,2020-11-22 16:00:00
323.0900000000000000,348.0600000000000000,322.8000000000000000,370.4000000000000000,2020-11-23 16:00:00
347.7400000000000000,313.0000000000000000,300.9600000000000000,363.6100000000000000,2020-11-24 16:00:00
312.8600000000000000,271.4400000000000000,250.4000000000000000,321.5000000000000000,2020-11-25 16:00:00
271.4900000000000000,265.4500000000000000,255.5700000000000000,279.1100000000000000,2020-11-26 16:00:00
265.5500000000000000,275.9700000000000000,260.7400000000000000,284.9800000000000000,2020-11-27 16:00:00
275.9800000000000000,285.0400000000000000,272.0000000000000000,289.1000000000000000,2020-11-28 16:00:00
285.1700000000000000,317.4900000000000000,280.0700000000000000,322.3700000000000000,2020-11-29 16:00:00
317.3700000000000000,287.6100000000000000,276.7700000000000000,320.8700000000000000,2020-11-30 16:00:00
287.4700000000000000,294.1500000000000000,280.0000000000000000,298.0000000000000000,2020-12-01 16:00:00
294.2200000000000000,292.1000000000000000,285.4800000000000000,297.3800000000000000,2020-12-02 16:00:00
292.0700000000000000,279.5600000000000000,276.6400000000000000,307.6500000000000000,2020-12-03 16:00:00
279.4700000000000000,289.5700000000000000,274.4300000000000000,289.9800000000000000,2020-12-04 16:00:00
289.5900000000000000,286.2400000000000000,279.2400000000000000,293.6500000000000000,2020-12-05 16:00:00
286.2000000000000000,283.8600000000000000,281.0300000000000000,290.8700000000000000,2020-12-06 16:00:00
283.9000000000000000,267.7000000000000000,262.7200000000000000,284.9600000000000000,2020-12-07 16:00:00
267.8000000000000000,268.7000000000000000,255.0000000000000000,271.1900000000000000,2020-12-08 16:00:00
268.6000000000000000,265.7500000000000000,261.3300000000000000,269.3300000000000000,2020-12-09 16:00:00
265.7700000000000000,259.2400000000000000,256.0000000000000000,266.9300000000000000,2020-12-10 16:00:00
259.3000000000000000,267.8900000000000000,257.9600000000000000,269.7300000000000000,2020-12-11 16:00:00
267.7400000000000000,276.0200000000000000,265.7000000000000000,282.6000000000000000,2020-12-12 16:00:00
275.9600000000000000,276.9400000000000000,265.0300000000000000,280.3700000000000000,2020-12-13 16:00:00
277.0000000000000000,288.8500000000000000,270.3000000000000000,299.0000000000000000,2020-12-14 16:00:00
288.8600000000000000,312.0700000000000000,281.6900000000000000,314.4000000000000000,2020-12-15 16:00:00
312.0000000000000000,310.7300000000000000,300.9000000000000000,330.3000000000000000,2020-12-16 16:00:00
310.5800000000000000,313.3300000000000000,305.0000000000000000,323.1100000000000000,2020-12-17 16:00:00
313.3300000000000000,318.1300000000000000,309.2000000000000000,325.5000000000000000,2020-12-18 16:00:00
317.9700000000000000,349.2100000000000000,310.0500000000000000,368.5200000000000000,2020-12-19 16:00:00
348.9800000000000000,313.4100000000000000,307.0000000000000000,380.4700000000000000,2020-12-20 16:00:00
313.4700000000000000,322.6900000000000000,298.0000000000000000,324.8600000000000000,2020-12-21 16:00:00
322.7300000000000000,275.4800000000000000,269.6800000000000000,326.4300000000000000,2020-12-22 16:00:00
275.4800000000000000,296.9900000000000000,270.5600000000000000,299.6300000000000000,2020-12-23 16:00:00
296.9000000000000000,319.1400000000000000,293.1000000000000000,325.3300000000000000,2020-12-24 16:00:00
319.2900000000000000,323.6000000000000000,310.0000000000000000,330.3900000000000000,2020-12-25 16:00:00
323.7100000000000000,338.1000000000000000,307.0100000000000000,366.8700000000000000,2020-12-26 16:00:00
337.9200000000000000,360.7700000000000000,334.0000000000000000,377.0000000000000000,2020-12-27 16:00:00
360.7700000000000000,352.9200000000000000,330.0100000000000000,366.9700000000000000,2020-12-28 16:00:00
352.8800000000000000,358.6900000000000000,341.3300000000000000,366.8800000000000000,2020-12-29 16:00:00
358.8700000000000000,342.1500000000000000,334.3300000000000000,361.5200000000000000,2020-12-30 16:00:00
342.0500000000000000,341.8300000000000000,331.1600000000000000,355.4000000000000000,2020-12-31 16:00:00
341.7400000000000000,354.5500000000000000,333.0500000000000000,368.0000000000000000,2021-01-01 16:00:00
354.3500000000000000,423.6100000000000000,354.2200000000000000,433.8300000000000000,2021-01-02 16:00:00
423.7200000000000000,405.4900000000000000,380.4200000000000000,464.3300000000000000,2021-01-03 16:00:00
405.6100000000000000,418.0900000000000000,389.4600000000000000,425.4400000000000000,2021-01-04 16:00:00
418.4900000000000000,453.4400000000000000,410.6300000000000000,458.0000000000000000,2021-01-05 16:00:00
453.7200000000000000,448.0000000000000000,431.0000000000000000,484.0000000000000000,2021-01-06 16:00:00
448.0100000000000000,436.9800000000000000,401.9500000000000000,454.4100000000000000,2021-01-07 16:00:00
437.1400000000000000,574.8800000000000000,417.5200000000000000,588.6700000000000000,2021-01-08 16:00:00
574.9700000000000000,599.9800000000000000,548.4000000000000000,629.7900000000000000,2021-01-09 16:00:00
599.9400000000000000,476.7800000000000000,400.0000000000000000,602.9200000000000000,2021-01-10 16:00:00
476.8700000000000000,451.8800000000000000,443.0100000000000000,510.0000000000000000,2021-01-11 16:00:00
451.8100000000000000,496.0600000000000000,435.1000000000000000,500.8800000000000000,2021-01-12 16:00:00
496.1100000000000000,527.0000000000000000,483.5000000000000000,538.8800000000000000,2021-01-13 16:00:00
527.1500000000000000,490.7000000000000000,452.6100000000000000,536.3900000000000000,2021-01-14 16:00:00
490.7000000000000000,489.7400000000000000,473.4100000000000000,515.5500000000000000,2021-01-15 16:00:00
489.7800000000000000,479.3700000000000000,461.4500000000000000,495.8400000000000000,2021-01-16 16:00:00
479.3200000000000000,508.9500000000000000,469.2800000000000000,514.5400000000000000,2021-01-17 16:00:00
508.8300000000000000,507.0400000000000000,502.7600000000000000,553.7300000000000000,2021-01-18 16:00:00
507.1400000000000000,496.9500000000000000,470.0100000000000000,518.6200000000000000,2021-01-19 16:00:00
496.9600000000000000,418.6800000000000000,405.4800000000000000,499.4000000000000000,2021-01-20 16:00:00
418.4100000000000000,439.7900000000000000,391.7700000000000000,450.4600000000000000,2021-01-21 16:00:00
439.7900000000000000,431.3600000000000000,416.0500000000000000,444.0000000000000000,2021-01-22 16:00:00
431.3400000000000000,439.5200000000000000,421.4000000000000000,448.8400000000000000,2021-01-23 16:00:00
439.6700000000000000,432.2800000000000000,430.4300000000000000,465.2000000000000000,2021-01-24 16:00:00
432.2000000000000000,427.4600000000000000,413.0200000000000000,438.6900000000000000,2021-01-25 16:00:00
427.6000000000000000,377.1700000000000000,369.7900000000000000,428.0800000000000000,2021-01-26 16:00:00
377.2500000000000000,404.7500000000000000,370.1400000000000000,414.6600000000000000,2021-01-27 16:00:00
404.7700000000000000,407.0300000000000000,391.1200000000000000,435.0800000000000000,2021-01-28 16:00:00
407.0900000000000000,417.0200000000000000,392.1300000000000000,419.9100000000000000,2021-01-29 16:00:00
417.0000000000000000,399.3000000000000000,390.5100000000000000,417.0500000000000000,2021-01-30 16:00:00
399.3000000000000000,414.4800000000000000,389.5100000000000000,445.7200000000000000,2021-01-31 16:00:00
414.4300000000000000,430.3100000000000000,410.9700000000000000,434.9400000000000000,2021-02-01 16:00:00
430.2300000000000000,446.1000000000000000,428.0900000000000000,449.8000000000000000,2021-02-02 16:00:00
446.1300000000000000,420.9100000000000000,412.7400000000000000,454.9400000000000000,2021-02-03 16:00:00
421.0300000000000000,447.7200000000000000,417.5400000000000000,449.0000000000000000,2021-02-04 16:00:00
447.8600000000000000,457.7800000000000000,445.7900000000000000,490.2500000000000000,2021-02-05 16:00:00
458.2700000000000000,444.8000000000000000,429.3700000000000000,464.0600000000000000,2021-02-06 16:00:00
444.7700000000000000,483.9900000000000000,436.5400000000000000,488.8600000000000000,2021-02-07 16:00:00
483.9900000000000000,514.4200000000000000,472.7000000000000000,519.5000000000000000,2021-02-08 16:00:00
514.8500000000000000,494.8500000000000000,470.0000000000000000,538.9600000000000000,2021-02-09 16:00:00
495.0800000000000000,530.4000000000000000,490.5100000000000000,542.4700000000000000,2021-02-10 16:00:00
529.9100000000000000,576.4300000000000000,509.8400000000000000,580.0000000000000000,2021-02-11 16:00:00
576.1500000000000000,668.3000000000000000,546.1600000000000000,668.6000000000000000,2021-02-12 16:00:00
668.3200000000000000,720.4400000000000000,652.0000000000000000,749.0000000000000000,2021-02-13 16:00:00
720.4000000000000000,715.5200000000000000,629.6900000000000000,773.8400000000000000,2021-02-14 16:00:00
715.6100000000000000,705.4500000000000000,668.8000000000000000,745.0000000000000000,2021-02-15 16:00:00
705.5100000000000000,716.4500000000000000,675.2600000000000000,726.9000000000000000,2021-02-16 16:00:00
716.3900000000000000,703.7000000000000000,688.7500000000000000,730.0000000000000000,2021-02-17 16:00:00
704.0400000000000000,719.1300000000000000,681.2600000000000000,744.1200000000000000,2021-02-18 16:00:00
719.3600000000000000,678.2900000000000000,658.4400000000000000,748.8800000000000000,2021-02-19 16:00:00
678.0900000000000000,706.2800000000000000,665.5100000000000000,736.6100000000000000,2021-02-20 16:00:00
706.1600000000000000,628.9800000000000000,568.0000000000000000,710.4200000000000000,2021-02-21 16:00:00
628.5400000000000000,515.8400000000000000,450.0000000000000000,632.5300000000000000,2021-02-22 16:00:00
527.0800000000000000,499.6700000000000000,493.6200000000000000,558.0000000000000000,2021-02-24 16:00:00
499.0600000000000000,484.4600000000000000,458.0000000000000000,508.6000000000000000,2021-02-25 16:00:00
484.4600000000000000,483.3500000000000000,473.0900000000000000,510.0000000000000000,2021-02-26 16:00:00
483.2100000000000000,460.1200000000000000,433.7200000000000000,485.2500000000000000,2021-02-27 16:00:00
460.1700000000000000,501.6100000000000000,457.2800000000000000,506.3500000000000000,2021-02-28 16:00:00
501.3500000000000000,517.6200000000000000,494.0600000000000000,549.8700000000000000,2021-03-01 16:00:00
517.4900000000000000,520.8200000000000000,510.7900000000000000,553.0000000000000000,2021-03-02 16:00:00
520.8400000000000000,505.3100000000000000,494.7400000000000000,538.7300000000000000,2021-03-03 16:00:00
505.4600000000000000,497.2200000000000000,472.7000000000000000,505.8300000000000000,2021-03-04 16:00:00
496.9500000000000000,500.3800000000000000,482.2800000000000000,505.8700000000000000,2021-03-05 16:00:00
500.3100000000000000,516.5600000000000000,500.3100000000000000,519.1100000000000000,2021-03-06 16:00:00
516.8300000000000000,529.1500000000000000,500.3300000000000000,529.8400000000000000,2021-03-07 16:00:00
529.2000000000000000,545.3200000000000000,523.2200000000000000,547.1300000000000000,2021-03-08 16:00:00
545.4400000000000000,546.2700000000000000,517.0000000000000000,568.2400000000000000,2021-03-09 16:00:00
546.4200000000000000,549.8500000000000000,531.2000000000000000,565.1500000000000000,2021-03-10 16:00:00
549.8100000000000000,538.4400000000000000,514.0800000000000000,564.0800000000000000,2021-03-11 16:00:00
538.3600000000000000,593.9800000000000000,521.3000000000000000,608.9600000000000000,2021-03-12 16:00:00
594.0600000000000000,552.0200000000000000,551.1800000000000000,601.9800000000000000,2021-03-13 16:00:00
551.7200000000000000,523.3500000000000000,517.0000000000000000,568.1600000000000000,2021-03-14 17:00:00
524.3500000000000000,528.5000000000000000,504.8200000000000000,538.2200000000000000,2021-03-15 17:00:00
528.6300000000000000,540.4800000000000000,511.4000000000000000,541.1700000000000000,2021-03-16 17:00:00
544.2300000000000000,528.1700000000000000,522.5900000000000000,547.0000000000000000,2021-03-17 17:00:00
528.4500000000000000,532.3700000000000000,518.4400000000000000,551.0000000000000000,2021-03-18 17:00:00
532.3000000000000000,536.0500000000000000,529.5100000000000000,551.5300000000000000,2021-03-19 17:00:00
536.2800000000000000,523.5900000000000000,515.0000000000000000,543.2600000000000000,2021-03-20 17:00:00
523.5800000000000000,509.0700000000000000,508.8800000000000000,538.7600000000000000,2021-03-21 17:00:00
509.1000000000000000,510.7600000000000000,505.4000000000000000,533.5900000000000000,2021-03-22 17:00:00
510.8100000000000000,474.2200000000000000,467.3600000000000000,529.5800000000000000,2021-03-23 17:00:00
474.1900000000000000,472.8000000000000000,451.0000000000000000,482.4000000000000000,2021-03-24 17:00:00
472.7900000000000000,505.8100000000000000,470.3600000000000000,507.6900000000000000,2021-03-25 17:00:00
505.7500000000000000,500.5800000000000000,484.8800000000000000,509.6600000000000000,2021-03-26 17:00:00
500.5900000000000000,497.0400000000000000,485.0000000000000000,505.5900000000000000,2021-03-27 17:00:00
497.1000000000000000,518.3600000000000000,491.5000000000000000,525.0000000000000000,2021-03-28 17:00:00
518.3700000000000000,525.7500000000000000,511.3000000000000000,536.5500000000000000,2021-03-29 17:00:00
525.7500000000000000,541.0400000000000000,508.0000000000000000,545.1500000000000000,2021-03-30 17:00:00
541.1100000000000000,556.6600000000000000,528.6500000000000000,560.0000000000000000,2021-03-31 17:00:00
556.6600000000000000,580.8700000000000000,545.1300000000000000,595.7400000000000000,2021-04-01 17:00:00
580.4000000000000000,530.5900000000000000,530.1000000000000000,595.4900000000000000,2021-04-02 17:00:00
530.6600000000000000,560.7800000000000000,521.0700000000000000,563.6100000000000000,2021-04-03 17:00:00
560.8000000000000000,645.0200000000000000,553.6600000000000000,646.9500000000000000,2021-04-04 17:00:00
642.2100000000000000,662.5000000000000000,619.1200000000000000,673.5900000000000000,2021-04-05 17:00:00
662.7100000000000000,615.9300000000000000,603.3600000000000000,694.7100000000000000,2021-04-06 17:00:00
615.7700000000000000,643.3500000000000000,609.1400000000000000,643.8200000000000000,2021-04-07 17:00:00
642.9300000000000000,631.2100000000000000,627.5500000000000000,649.7000000000000000,2021-04-08 17:00:00
631.3800000000000000,673.1000000000000000,624.3700000000000000,681.9000000000000000,2021-04-09 17:00:00
673.4100000000000000,689.6500000000000000,669.4800000000000000,715.7000000000000000,2021-04-10 17:00:00
689.6800000000000000,670.3900000000000000,652.0500000000000000,700.0000000000000000,2021-04-11 17:00:00
670.5700000000000000,745.1400000000000000,666.8000000000000000,752.0000000000000000,2021-04-12 17:00:00
745.0600000000000000,814.8500000000000000,744.8800000000000000,843.3300000000000000,2021-04-13 17:00:00
814.6100000000000000,864.8200000000000000,797.7000000000000000,875.8500000000000000,2021-04-14 17:00:00
864.4400000000000000,1121.4300000000000000,838.2800000000000000,1158.2800000000000000,2021-04-15 17:00:00
1131.7100000000000000,995.5500000000000000,994.5200000000000000,1210.7800000000000000,2021-04-16 17:00:00
1008.7200000000000000,973.4400000000000000,844.7200000000000000,1015.3000000000000000,2021-04-17 17:00:00
972.3200000000000000,891.2700000000000000,873.3600000000000000,1040.2500000000000000,2021-04-18 17:00:00
891.5700000000000000,940.7900000000000000,841.4200000000000000,964.9800000000000000,2021-04-19 17:00:00
940.4100000000000000,909.2000000000000000,899.3100000000000000,998.5000000000000000,2021-04-20 17:00:00
909.2700000000000000,853.0800000000000000,844.2200000000000000,971.6000000000000000,2021-04-21 17:00:00
853.2200000000000000,839.3400000000000000,719.0100000000000000,867.8500000000000000,2021-04-22 17:00:00
839.3400000000000000,768.9400000000000000,753.6000000000000000,839.6700000000000000,2021-04-23 17:00:00
784.1600000000000000,757.9000000000000000,720.2200000000000000,801.9200000000000000,2021-04-24 17:00:00
759.2900000000000000,848.0200000000000000,756.7600000000000000,849.7400000000000000,2021-04-25 17:00:00
844.7800000000000000,885.0600000000000000,832.1900000000000000,891.8700000000000000,2021-04-26 17:00:00
891.7900000000000000,910.8500000000000000,852.8400000000000000,928.9800000000000000,2021-04-27 17:00:00
911.6500000000000000,880.6800000000000000,860.2600000000000000,913.0000000000000000,2021-04-28 17:00:00
878.2000000000000000,995.5100000000000000,870.9200000000000000,999.7300000000000000,2021-04-29 17:00:00
996.8900000000000000,1003.6400000000000000,976.7200000000000000,1031.0100000000000000,2021-04-30 17:00:00
1008.3200000000000000,972.3900000000000000,950.3200000000000000,1009.5000000000000000,2021-05-01 17:00:00
972.3500000000000000,1019.5200000000000000,971.2000000000000000,1043.8700000000000000,2021-05-02 17:00:00
1011.2600000000000000,967.9800000000000000,940.2700000000000000,1055.9900000000000000,2021-05-03 17:00:00
955.6300000000000000,1453.4900000000000000,954.0000000000000000,1477.0000000000000000,2021-05-04 17:00:00
1453.0400000000000000,1509.2700000000000000,1291.5900000000000000,1540.0000000000000000,2021-05-05 17:00:00
1509.2200000000000000,1334.8000000000000000,1297.1800000000000000,1511.4200000000000000,2021-05-06 17:00:00
1339.3700000000000000,1384.7500000000000000,1325.1500000000000000,1449.6300000000000000,2021-05-07 17:00:00
1383.4600000000000000,1411.4300000000000000,1294.6800000000000000,1429.0000000000000000,2021-05-08 17:00:00
1438.4700000000000000,1323.5500000000000000,1200.4000000000000000,1568.1900000000000000,2021-05-09 17:00:00
1323.9400000000000000,1547.5100000000000000,1300.0000000000000000,1550.0000000000000000,2021-05-10 17:00:00
1548.2900000000000000,1259.2100000000000000,1255.1500000000000000,1621.7300000000000000,2021-05-11 17:00:00
1183.6100000000000000,1247.0900000000000000,1160.0400000000000000,1344.1000000000000000,2021-05-12 17:00:00
1313.1000000000000000,1171.7500000000000000,1167.1400000000000000,1324.7400000000000000,2021-05-14 17:00:00
1171.3600000000000000,1160.8200000000000000,1103.7200000000000000,1266.8600000000000000,2021-05-15 17:00:00
1163.1900000000000000,1069.7400000000000000,995.5100000000000000,1163.9800000000000000,2021-05-16 17:00:00
1069.6200000000000000,1079.4000000000000000,1054.3700000000000000,1156.4900000000000000,2021-05-17 17:00:00
1080.7600000000000000,702.3600000000000000,550.0000000000000000,1100.2200000000000000,2021-05-18 17:00:00
728.0000000000000000,817.6500000000000000,639.9000000000000000,855.4600000000000000,2021-05-19 17:00:00
817.5800000000000000,687.5000000000000000,624.7200000000000000,850.8500000000000000,2021-05-20 17:00:00
687.5100000000000000,629.6200000000000000,601.5200000000000000,715.3400000000000000,2021-05-21 17:00:00
641.5200000000000000,560.2400000000000000,469.3800000000000000,659.8500000000000000,2021-05-22 17:00:00
563.5900000000000000,750.2600000000000000,540.1300000000000000,750.8900000000000000,2021-05-23 17:00:00
771.1400000000000000,719.1100000000000000,669.1500000000000000,783.6800000000000000,2021-05-24 17:00:00
721.0500000000000000,763.9600000000000000,707.2400000000000000,786.5700000000000000,2021-05-25 17:00:00
764.1600000000000000,750.0300000000000000,700.5200000000000000,800.0000000000000000,2021-05-26 17:00:00
750.2000000000000000,688.2800000000000000,653.7100000000000000,758.0000000000000000,2021-05-27 17:00:00
688.7500000000000000,650.4200000000000000,617.5700000000000000,721.2500000000000000,2021-05-28 17:00:00
641.5700000000000000,661.6600000000000000,618.0100000000000000,686.0100000000000000,2021-05-29 17:00:00
661.4100000000000000,703.6100000000000000,635.0000000000000000,711.0800000000000000,2021-05-30 17:00:00
705.8100000000000000,691.1300000000000000,668.1300000000000000,721.3300000000000000,2021-05-31 17:00:00
691.0700000000000000,697.3600000000000000,674.5900000000000000,716.4400000000000000,2021-06-01 17:00:00
697.6800000000000000,717.8100000000000000,687.4300000000000000,735.5300000000000000,2021-06-02 17:00:00
712.4600000000000000,670.7400000000000000,649.0000000000000000,715.0000000000000000,2021-06-03 17:00:00
670.5700000000000000,649.3100000000000000,634.9700000000000000,688.9300000000000000,2021-06-04 17:00:00
649.0400000000000000,656.1000000000000000,644.5700000000000000,670.0000000000000000,2021-06-05 17:00:00
656.1700000000000000,597.6000000000000000,595.5400000000000000,670.6300000000000000,2021-06-06 17:00:00
598.4800000000000000,595.3100000000000000,553.9600000000000000,604.5700000000000000,2021-06-07 17:00:00
595.3100000000000000,634.0000000000000000,566.1100000000000000,634.6300000000000000,2021-06-08 17:00:00
633.9900000000000000,601.1100000000000000,588.1900000000000000,639.2000000000000000,2021-06-09 17:00:00
601.6100000000000000,577.0400000000000000,569.4300000000000000,611.6000000000000000,2021-06-10 17:00:00
577.1900000000000000,580.0000000000000000,547.1800000000000000,591.8400000000000000,2021-06-11 17:00:00
580.0600000000000000,613.4600000000000000,558.6100000000000000,615.4900000000000000,2021-06-12 17:00:00
613.4100000000000000,641.5000000000000000,598.9400000000000000,642.0000000000000000,2021-06-13 17:00:00
641.2900000000000000,627.1700000000000000,616.5400000000000000,650.3500000000000000,2021-06-14 17:00:00
627.1600000000000000,593.7300000000000000,589.5800000000000000,628.1700000000000000,2021-06-15 17:00:00
593.7000000000000000,596.2100000000000000,583.6600000000000000,621.0000000000000000,2021-06-16 17:00:00
