price_close,price_high,price_low,price_open,timestamp,volume,datetime
8.8500000000000000,9.0000000000000000,8.6320000000000000,8.6740000000000000,1577836800,105961.4720000000000000,2020-01-01 00:00:00+00:00
8.4620000000000000,8.8490000000000000,8.4460000000000000,8.8460000000000000,1577923200,145283.8530000000000000,2020-01-02 00:00:00+00:00
8.8880000000000000,9.0180000000000000,8.3210000000000000,8.4630000000000000,1578009600,190855.5630000000000000,2020-01-03 00:00:00+00:00
9.0770000000000000,9.1000000000000000,8.7790000000000000,8.8850000000000000,1578096000,112615.8650000000000000,2020-01-04 00:00:00+00:00
9.0200000000000000,9.2450000000000000,8.9640000000000000,9.0850000000000000,1578182400,126171.5410000000000000,2020-01-05 00:00:00+00:00
9.7570000000000000,9.8000000000000000,8.9880000000000000,9.0080000000000000,1578268800,410209.6130000000000000,2020-01-06 00:00:00+00:00
9.8010000000000000,9.9430000000000000,9.3630000000000000,9.7710000000000000,1578355200,305693.7090000000000000,2020-01-07 00:00:00+00:00
9.4480000000000000,10.1980000000000000,9.3000000000000000,9.8050000000000000,1578441600,327138.8400000000000000,2020-01-08 00:00:00+00:00
9.3870000000000000,9.5210000000000000,9.3100000000000000,9.4650000000000000,1578528000,127109.1320000000000000,2020-01-09 00:00:00+00:00
9.8620000000000000,9.8990000000000000,9.0420000000000000,9.3680000000000000,1578614400,240215.0520000000000000,2020-01-10 00:00:00+00:00
9.6960000000000000,10.0490000000000000,9.5760000000000000,9.8740000000000000,1578700800,223678.4870000000000000,2020-01-11 00:00:00+00:00
10.2710000000000000,10.4400000000000000,9.6160000000000000,9.6870000000000000,1578787200,364015.1800000000000000,2020-01-12 00:00:00+00:00
10.0000000000000000,10.3010000000000000,9.8050000000000000,10.2660000000000000,1578873600,196036.1900000000000000,2020-01-13 00:00:00+00:00
11.2040000000000000,11.6900000000000000,10.0080000000000000,10.0080000000000000,1578960000,890609.3370000000000000,2020-01-14 00:00:00+00:00
11.4120000000000000,12.0000000000000000,10.7140000000000000,11.2030000000000000,1579046400,708069.8770000000000000,2020-01-15 00:00:00+00:00
11.2710000000000000,11.5980000000000000,10.7250000000000000,11.4150000000000000,1579132800,472913.2000000000000000,2020-01-16 00:00:00+00:00
11.8480000000000000,11.9550000000000000,11.1250000000000000,11.2880000000000000,1579219200,491456.5740000000000000,2020-01-17 00:00:00+00:00
11.8760000000000000,12.3390000000000000,11.2890000000000000,11.8350000000000000,1579305600,523426.4420000000000000,2020-01-18 00:00:00+00:00
11.2450000000000000,12.2190000000000000,10.7680000000000000,11.8790000000000000,1579392000,487435.5370000000000000,2020-01-19 00:00:00+00:00
11.1140000000000000,11.3170000000000000,10.8100000000000000,11.2430000000000000,1579478400,202813.2680000000000000,2020-01-20 00:00:00+00:00
11.2260000000000000,11.3130000000000000,10.8300000000000000,11.1180000000000000,1579564800,167960.8750000000000000,2020-01-21 00:00:00+00:00
11.2470000000000000,11.3850000000000000,11.1350000000000000,11.2300000000000000,1579651200,145795.1830000000000000,2020-01-22 00:00:00+00:00
10.6210000000000000,11.2750000000000000,10.3880000000000000,11.2610000000000000,1579737600,274533.9040000000000000,2020-01-23 00:00:00+00:00
10.5110000000000000,10.6920000000000000,10.1360000000000000,10.6070000000000000,1579824000,227104.9840000000000000,2020-01-24 00:00:00+00:00
10.3500000000000000,10.5120000000000000,10.1900000000000000,10.5100000000000000,1579910400,89165.8860000000000000,2020-01-25 00:00:00+00:00
10.7970000000000000,10.8060000000000000,10.2630000000000000,10.3380000000000000,1579996800,151116.8120000000000000,2020-01-26 00:00:00+00:00
11.0820000000000000,11.2970000000000000,10.6870000000000000,10.7970000000000000,1580083200,297004.2470000000000000,2020-01-27 00:00:00+00:00
11.3600000000000000,11.4190000000000000,11.0280000000000000,11.1030000000000000,1580169600,272951.5650000000000000,2020-01-28 00:00:00+00:00
11.2010000000000000,11.6970000000000000,11.1140000000000000,11.3590000000000000,1580256000,370792.4430000000000000,2020-01-29 00:00:00+00:00
11.7350000000000000,11.8120000000000000,10.8730000000000000,11.1970000000000000,1580342400,402914.1040000000000000,2020-01-30 00:00:00+00:00
11.4530000000000000,11.7390000000000000,11.0900000000000000,11.7230000000000000,1580428800,316918.9770000000000000,2020-01-31 00:00:00+00:00
11.4220000000000000,11.6370000000000000,11.1560000000000000,11.4650000000000000,1580515200,226389.3440000000000000,2020-02-01 00:00:00+00:00
12.0160000000000000,12.5780000000000000,11.2200000000000000,11.4230000000000000,1580601600,817053.4960000000000000,2020-02-02 00:00:00+00:00
11.8800000000000000,12.3480000000000000,11.7030000000000000,12.0160000000000000,1580688000,444079.0770000000000000,2020-02-03 00:00:00+00:00
12.1770000000000000,12.3230000000000000,11.5150000000000000,11.8800000000000000,1580774400,465527.9380000000000000,2020-02-04 00:00:00+00:00
12.7620000000000000,12.9120000000000000,12.0790000000000000,12.1770000000000000,1580860800,739128.2350000000000000,2020-02-05 00:00:00+00:00
12.9140000000000000,13.2060000000000000,12.4120000000000000,12.7570000000000000,1580947200,651321.3950000000000000,2020-02-06 00:00:00+00:00
12.7920000000000000,13.2900000000000000,12.6870000000000000,12.9160000000000000,1581033600,654253.8440000000000000,2020-02-07 00:00:00+00:00
12.6880000000000000,13.0500000000000000,12.1140000000000000,12.7930000000000000,1581120000,523713.7390000000000000,2020-02-08 00:00:00+00:00
14.2010000000000000,14.2090000000000000,12.6660000000000000,12.6670000000000000,1581206400,973996.8650000000000000,2020-02-09 00:00:00+00:00
13.5510000000000000,14.2850000000000000,13.2000000000000000,14.2080000000000000,1581292800,863876.5660000000000000,2020-02-10 00:00:00+00:00
13.7910000000000000,13.9890000000000000,12.9500000000000000,13.5580000000000000,1581379200,871095.8610000000000000,2020-02-11 00:00:00+00:00
14.8220000000000000,15.3220000000000000,13.8110000000000000,13.8220000000000000,1581465600,1103343.5510000000000000,2020-02-12 00:00:00+00:00
15.1410000000000000,15.8450000000000000,14.4760000000000000,14.8130000000000000,1581552000,1099397.6850000000000000,2020-02-13 00:00:00+00:00
16.6760000000000000,16.7500000000000000,14.8290000000000000,15.1420000000000000,1581638400,875126.8480000000000000,2020-02-14 00:00:00+00:00
15.1270000000000000,16.7400000000000000,14.5480000000000000,16.6910000000000000,1581724800,1069998.8670000000000000,2020-02-15 00:00:00+00:00
14.6250000000000000,15.8720000000000000,13.4130000000000000,15.1130000000000000,1581811200,1477871.7010000000000000,2020-02-16 00:00:00+00:00
15.0270000000000000,15.1730000000000000,13.3750000000000000,14.6180000000000000,1581897600,1441268.6110000000000000,2020-02-17 00:00:00+00:00
15.5000000000000000,15.6570000000000000,14.2550000000000000,15.0380000000000000,1581984000,1151642.8810000000000000,2020-02-18 00:00:00+00:00
14.0430000000000000,15.5360000000000000,13.7000000000000000,15.5080000000000000,1582070400,708633.4880000000000000,2020-02-19 00:00:00+00:00
14.0300000000000000,14.3980000000000000,13.4000000000000000,14.0370000000000000,1582156800,782044.0040000000000000,2020-02-20 00:00:00+00:00
14.0170000000000000,14.3300000000000000,13.7050000000000000,14.0350000000000000,1582243200,540433.8040000000000000,2020-02-21 00:00:00+00:00
13.7200000000000000,14.0790000000000000,13.5000000000000000,14.0170000000000000,1582329600,388715.7010000000000000,2020-02-22 00:00:00+00:00
14.2940000000000000,14.4730000000000000,13.7050000000000000,13.7140000000000000,1582416000,471023.8380000000000000,2020-02-23 00:00:00+00:00
13.3610000000000000,14.4420000000000000,12.9880000000000000,14.2920000000000000,1582502400,732592.7080000000000000,2020-02-24 00:00:00+00:00
12.3930000000000000,13.5030000000000000,12.3060000000000000,13.3690000000000000,1582588800,695342.2250000000000000,2020-02-25 00:00:00+00:00
11.0070000000000000,12.5330000000000000,10.7600000000000000,12.3780000000000000,1582675200,1528492.1520000000000000,2020-02-26 00:00:00+00:00
11.5100000000000000,11.7060000000000000,10.4000000000000000,10.9830000000000000,1582761600,819309.1600000000000000,2020-02-27 00:00:00+00:00
11.3110000000000000,11.6630000000000000,10.6310000000000000,11.5040000000000000,1582848000,767804.6070000000000000,2020-02-28 00:00:00+00:00
11.1550000000000000,11.5310000000000000,10.9910000000000000,11.3050000000000000,1582934400,224959.9610000000000000,2020-02-29 00:00:00+00:00
11.5560000000000000,12.0920000000000000,11.3490000000000000,12.0880000000000000,1583193600,559593.4840000000000000,2020-03-03 00:00:00+00:00
11.7550000000000000,12.0550000000000000,11.4900000000000000,11.5570000000000000,1583280000,247265.0590000000000000,2020-03-04 00:00:00+00:00
12.3000000000000000,12.3870000000000000,11.7540000000000000,11.7600000000000000,1583366400,398457.0800000000000000,2020-03-05 00:00:00+00:00
12.3770000000000000,12.3850000000000000,11.9270000000000000,12.0550000000000000,1583452800,374988.0400000000000000,2020-03-06 00:00:00+00:00
12.1960000000000000,12.4500000000000000,12.1440000000000000,12.3730000000000000,1583539200,90628.2020000000000000,2020-03-07 00:00:00+00:00
9.9020000000000000,10.3450000000000000,9.3890000000000000,10.0530000000000000,1583712000,1065184.4610000000000000,2020-03-09 00:00:00+00:00
9.8700000000000000,10.1900000000000000,9.5820000000000000,9.9010000000000000,1583798400,730960.3090000000000000,2020-03-10 00:00:00+00:00
9.4300000000000000,9.9980000000000000,8.7700000000000000,9.8580000000000000,1583884800,902242.9770000000000000,2020-03-11 00:00:00+00:00
5.5680000000000000,9.5850000000000000,5.4300000000000000,9.4360000000000000,1583971200,2381914.2940000000000000,2020-03-12 00:00:00+00:00
6.2160000000000000,6.7730000000000000,4.0650000000000000,5.7230000000000000,1584057600,2299045.0450000000000000,2020-03-13 00:00:00+00:00
5.7520000000000000,6.2690000000000000,5.6510000000000000,6.2300000000000000,1584144000,592554.2180000000000000,2020-03-14 00:00:00+00:00
5.9790000000000000,6.4000000000000000,5.6740000000000000,5.7530000000000000,1584230400,698520.2670000000000000,2020-03-15 00:00:00+00:00
5.3940000000000000,5.9790000000000000,4.9040000000000000,5.9790000000000000,1584316800,1244540.9670000000000000,2020-03-16 00:00:00+00:00
5.6260000000000000,5.8950000000000000,5.3190000000000000,5.3990000000000000,1584403200,647732.8490000000000000,2020-03-17 00:00:00+00:00
5.7260000000000000,5.7420000000000000,5.3400000000000000,5.6310000000000000,1584489600,640712.0510000000000000,2020-03-18 00:00:00+00:00
6.4720000000000000,6.8200000000000000,5.6710000000000000,5.7180000000000000,1584576000,1305362.5950000000000000,2020-03-19 00:00:00+00:00
6.2730000000000000,7.2000000000000000,5.7010000000000000,6.4620000000000000,1584662400,1871897.6600000000000000,2020-03-20 00:00:00+00:00
6.2360000000000000,6.4410000000000000,5.8620000000000000,6.2780000000000000,1584748800,932710.1540000000000000,2020-03-21 00:00:00+00:00
5.9470000000000000,6.4680000000000000,5.8620000000000000,6.2260000000000000,1584835200,802111.5920000000000000,2020-03-22 00:00:00+00:00
6.6830000000000000,6.6930000000000000,5.8320000000000000,5.9420000000000000,1584921600,945219.2460000000000000,2020-03-23 00:00:00+00:00
6.8970000000000000,6.9780000000000000,6.5250000000000000,6.6780000000000000,1585008000,884719.4360000000000000,2020-03-24 00:00:00+00:00
6.9300000000000000,7.0940000000000000,6.6090000000000000,6.8900000000000000,1585094400,654530.3130000000000000,2020-03-25 00:00:00+00:00
7.0300000000000000,7.0500000000000000,6.7200000000000000,6.9360000000000000,1585180800,347307.6610000000000000,2020-03-26 00:00:00+00:00
6.5030000000000000,7.1630000000000000,6.4210000000000000,7.0300000000000000,1585267200,366841.8180000000000000,2020-03-27 00:00:00+00:00
6.6280000000000000,6.7070000000000000,6.2250000000000000,6.5020000000000000,1585353600,592612.6710000000000000,2020-03-28 00:00:00+00:00
6.1790000000000000,6.6790000000000000,6.1300000000000000,6.6230000000000000,1585440000,410248.6930000000000000,2020-03-29 00:00:00+00:00
6.5680000000000000,6.7540000000000000,6.1710000000000000,6.1920000000000000,1585526400,405132.8570000000000000,2020-03-30 00:00:00+00:00
6.7720000000000000,6.9500000000000000,6.5140000000000000,6.5800000000000000,1585612800,496543.3150000000000000,2020-03-31 00:00:00+00:00
6.8120000000000000,6.8400000000000000,6.4010000000000000,6.7740000000000000,1585699200,584161.4800000000000000,2020-04-01 00:00:00+00:00
6.9760000000000000,7.3500000000000000,6.7680000000000000,6.8240000000000000,1585785600,883506.7750000000000000,2020-04-02 00:00:00+00:00
7.0200000000000000,7.2360000000000000,6.8600000000000000,6.9780000000000000,1585872000,415225.9800000000000000,2020-04-03 00:00:00+00:00
7.1880000000000000,7.2900000000000000,6.8660000000000000,7.0180000000000000,1585958400,391297.5120000000000000,2020-04-04 00:00:00+00:00
7.0170000000000000,7.2430000000000000,6.8900000000000000,7.1980000000000000,1586044800,271886.8320000000000000,2020-04-05 00:00:00+00:00
7.8230000000000000,7.8460000000000000,7.0070000000000000,7.0180000000000000,1586131200,721498.3960000000000000,2020-04-06 00:00:00+00:00
7.7210000000000000,8.1600000000000000,7.4580000000000000,7.8180000000000000,1586217600,898272.8520000000000000,2020-04-07 00:00:00+00:00
7.9950000000000000,8.0300000000000000,7.6510000000000000,7.7200000000000000,1586304000,475242.6890000000000000,2020-04-08 00:00:00+00:00
8.0190000000000000,8.1510000000000000,7.7920000000000000,8.0010000000000000,1586390400,448120.6170000000000000,2020-04-09 00:00:00+00:00
7.2990000000000000,8.0250000000000000,7.1000000000000000,8.0250000000000000,1586476800,640460.9720000000000000,2020-04-10 00:00:00+00:00
7.3060000000000000,7.5360000000000000,7.1390000000000000,7.3020000000000000,1586563200,282561.5860000000000000,2020-04-11 00:00:00+00:00
7.3560000000000000,7.7320000000000000,7.1770000000000000,7.2970000000000000,1586649600,367512.2980000000000000,2020-04-12 00:00:00+00:00
7.2810000000000000,7.3610000000000000,7.0070000000000000,7.3610000000000000,1586736000,365451.7000000000000000,2020-04-13 00:00:00+00:00
7.2570000000000000,7.4310000000000000,7.1420000000000000,7.2850000000000000,1586822400,327038.2010000000000000,2020-04-14 00:00:00+00:00
6.9930000000000000,7.3760000000000000,6.9650000000000000,7.2520000000000000,1586908800,319211.3610000000000000,2020-04-15 00:00:00+00:00
7.6160000000000000,7.7060000000000000,6.8130000000000000,6.9880000000000000,1586995200,766669.2790000000000000,2020-04-16 00:00:00+00:00
7.4680000000000000,7.6640000000000000,7.4280000000000000,7.6170000000000000,1587081600,276405.0700000000000000,2020-04-17 00:00:00+00:00
7.8770000000000000,7.9390000000000000,7.4560000000000000,7.4590000000000000,1587168000,383653.2200000000000000,2020-04-18 00:00:00+00:00
7.6140000000000000,7.9100000000000000,7.4500000000000000,7.8790000000000000,1587254400,449485.1340000000000000,2020-04-19 00:00:00+00:00
7.2050000000000000,7.8170000000000000,7.1180000000000000,7.6080000000000000,1587340800,586309.2150000000000000,2020-04-20 00:00:00+00:00
7.2270000000000000,7.3500000000000000,7.1360000000000000,7.2070000000000000,1587427200,258030.0070000000000000,2020-04-21 00:00:00+00:00
7.5340000000000000,7.6310000000000000,7.2010000000000000,7.2270000000000000,1587513600,420016.6730000000000000,2020-04-22 00:00:00+00:00
7.8540000000000000,8.0200000000000000,7.4040000000000000,7.5360000000000000,1587600000,674723.3140000000000000,2020-04-23 00:00:00+00:00
8.0700000000000000,8.2980000000000000,7.8270000000000000,7.8470000000000000,1587686400,692939.4760000000000000,2020-04-24 00:00:00+00:00
8.4280000000000000,8.6150000000000000,7.9140000000000000,8.0740000000000000,1587772800,673970.3640000000000000,2020-04-25 00:00:00+00:00
8.6310000000000000,8.6870000000000000,8.2950000000000000,8.4310000000000000,1587859200,505422.0840000000000000,2020-04-26 00:00:00+00:00
8.4260000000000000,8.6760000000000000,8.1450000000000000,8.6310000000000000,1587945600,380481.3800000000000000,2020-04-27 00:00:00+00:00
8.4570000000000000,8.6000000000000000,8.2520000000000000,8.4270000000000000,1588032000,320101.1070000000000000,2020-04-28 00:00:00+00:00
9.2070000000000000,9.3800000000000000,8.4590000000000000,8.4590000000000000,1588118400,855424.3520000000000000,2020-04-29 00:00:00+00:00
8.8970000000000000,9.6410000000000000,8.6170000000000000,9.2040000000000000,1588204800,919550.8580000000000000,2020-04-30 00:00:00+00:00
9.0110000000000000,9.3980000000000000,8.8830000000000000,8.8960000000000000,1588291200,486684.5840000000000000,2020-05-01 00:00:00+00:00
9.2250000000000000,9.2650000000000000,8.9280000000000000,9.0100000000000000,1588377600,300686.5650000000000000,2020-05-02 00:00:00+00:00
9.0690000000000000,9.3190000000000000,8.6970000000000000,9.2330000000000000,1588464000,457269.9710000000000000,2020-05-03 00:00:00+00:00
9.0050000000000000,9.1340000000000000,8.6100000000000000,9.0780000000000000,1588550400,446498.1750000000000000,2020-05-04 00:00:00+00:00
9.1010000000000000,9.1850000000000000,8.8450000000000000,9.0000000000000000,1588636800,307640.7160000000000000,2020-05-05 00:00:00+00:00
9.1480000000000000,9.4880000000000000,8.9900000000000000,9.1110000000000000,1588723200,637971.4470000000000000,2020-05-06 00:00:00+00:00
9.8910000000000000,9.9400000000000000,9.0010000000000000,9.1500000000000000,1588809600,920851.2990000000000000,2020-05-07 00:00:00+00:00
11.3010000000000000,11.8280000000000000,9.7850000000000000,9.8910000000000000,1588896000,1453862.3150000000000000,2020-05-08 00:00:00+00:00
10.9940000000000000,11.6500000000000000,10.7200000000000000,11.2940000000000000,1588982400,1513657.8500000000000000,2020-05-09 00:00:00+00:00
9.7250000000000000,11.0600000000000000,9.3620000000000000,10.9840000000000000,1589068800,1652610.4870000000000000,2020-05-10 00:00:00+00:00
9.6290000000000000,10.2160000000000000,9.2560000000000000,9.7080000000000000,1589155200,955644.8140000000000000,2020-05-11 00:00:00+00:00
10.0010000000000000,10.1990000000000000,9.5670000000000000,9.6020000000000000,1589241600,566131.9990000000000000,2020-05-12 00:00:00+00:00
10.2850000000000000,10.4770000000000000,9.8120000000000000,10.0010000000000000,1589328000,543025.4380000000000000,2020-05-13 00:00:00+00:00
10.1860000000000000,10.5620000000000000,9.9100000000000000,10.2850000000000000,1589414400,623168.7390000000000000,2020-05-14 00:00:00+00:00
10.0330000000000000,10.2540000000000000,9.8000000000000000,10.1900000000000000,1589500800,391920.1920000000000000,2020-05-15 00:00:00+00:00
10.0080000000000000,10.1730000000000000,9.8750000000000000,10.0260000000000000,1589587200,314474.5310000000000000,2020-05-16 00:00:00+00:00
10.1560000000000000,10.4330000000000000,9.9670000000000000,10.0050000000000000,1589673600,457217.0140000000000000,2020-05-17 00:00:00+00:00
10.2450000000000000,10.5400000000000000,10.1490000000000000,10.1490000000000000,1589760000,515623.3510000000000000,2020-05-18 00:00:00+00:00
10.3280000000000000,10.3330000000000000,9.9400000000000000,10.2460000000000000,1589846400,374564.9190000000000000,2020-05-19 00:00:00+00:00
10.1400000000000000,10.4130000000000000,9.9510000000000000,10.3140000000000000,1589932800,327109.4370000000000000,2020-05-20 00:00:00+00:00
9.5370000000000000,10.2030000000000000,9.2010000000000000,10.1350000000000000,1590019200,433911.1060000000000000,2020-05-21 00:00:00+00:00
10.3880000000000000,10.6440000000000000,9.3820000000000000,9.5380000000000000,1590105600,956846.1360000000000000,2020-05-22 00:00:00+00:00
10.2030000000000000,10.4990000000000000,10.1040000000000000,10.3800000000000000,1590192000,452774.5030000000000000,2020-05-23 00:00:00+00:00
9.6310000000000000,10.3220000000000000,9.6130000000000000,10.1940000000000000,1590278400,508818.3910000000000000,2020-05-24 00:00:00+00:00
9.9230000000000000,9.9670000000000000,9.5460000000000000,9.6310000000000000,1590364800,372286.7860000000000000,2020-05-25 00:00:00+00:00
9.9350000000000000,10.1550000000000000,9.5770000000000000,9.9120000000000000,1590451200,565348.1560000000000000,2020-05-26 00:00:00+00:00
10.0090000000000000,10.2400000000000000,9.8580000000000000,9.9340000000000000,1590537600,387313.9050000000000000,2020-05-27 00:00:00+00:00
10.4290000000000000,10.4390000000000000,9.9080000000000000,10.0210000000000000,1590624000,465146.5790000000000000,2020-05-28 00:00:00+00:00
10.2420000000000000,10.4870000000000000,10.0530000000000000,10.4210000000000000,1590710400,334535.7440000000000000,2020-05-29 00:00:00+00:00
11.0300000000000000,11.1500000000000000,10.1400000000000000,10.2340000000000000,1590796800,799316.8060000000000000,2020-05-30 00:00:00+00:00
10.9450000000000000,11.8500000000000000,10.5040000000000000,11.0340000000000000,1590883200,1343937.1700000000000000,2020-05-31 00:00:00+00:00
12.4130000000000000,12.7150000000000000,10.8710000000000000,10.9440000000000000,1590969600,1910548.2240000000000000,2020-06-01 00:00:00+00:00
12.1350000000000000,13.2000000000000000,11.4080000000000000,12.4060000000000000,1591056000,1823123.1540000000000000,2020-06-02 00:00:00+00:00
12.3930000000000000,12.5280000000000000,11.6710000000000000,12.1030000000000000,1591142400,730048.0440000000000000,2020-06-03 00:00:00+00:00
12.1640000000000000,12.4770000000000000,11.7390000000000000,12.3930000000000000,1591228800,698462.4360000000000000,2020-06-04 00:00:00+00:00
11.8030000000000000,12.2510000000000000,11.7950000000000000,12.1670000000000000,1591315200,302340.3720000000000000,2020-06-05 00:00:00+00:00
11.8130000000000000,11.9250000000000000,11.4850000000000000,11.8020000000000000,1591401600,336430.9000000000000000,2020-06-06 00:00:00+00:00
11.7760000000000000,11.9820000000000000,11.2700000000000000,11.7990000000000000,1591488000,376700.6170000000000000,2020-06-07 00:00:00+00:00
11.6560000000000000,11.8200000000000000,11.5010000000000000,11.7730000000000000,1591574400,203190.6630000000000000,2020-06-08 00:00:00+00:00
12.0260000000000000,12.1860000000000000,11.4430000000000000,11.6400000000000000,1591660800,438707.1520000000000000,2020-06-09 00:00:00+00:00
11.9350000000000000,12.2800000000000000,11.7500000000000000,12.0380000000000000,1591747200,441173.6110000000000000,2020-06-10 00:00:00+00:00
10.6790000000000000,11.9960000000000000,10.3740000000000000,11.9360000000000000,1591833600,952011.0340000000000000,2020-06-11 00:00:00+00:00
10.9170000000000000,11.2190000000000000,10.5100000000000000,10.6810000000000000,1591920000,443221.1630000000000000,2020-06-12 00:00:00+00:00
11.0800000000000000,11.1220000000000000,10.7440000000000000,10.9210000000000000,1592006400,306550.7820000000000000,2020-06-13 00:00:00+00:00
10.6150000000000000,11.0890000000000000,10.4460000000000000,11.0780000000000000,1592092800,275271.0270000000000000,2020-06-14 00:00:00+00:00
10.4300000000000000,10.6410000000000000,9.7180000000000000,10.6110000000000000,1592179200,732171.9570000000000000,2020-06-15 00:00:00+00:00
10.5600000000000000,10.6680000000000000,10.3630000000000000,10.4300000000000000,1592265600,315546.2100000000000000,2020-06-16 00:00:00+00:00
10.5880000000000000,10.8900000000000000,10.2770000000000000,10.5860000000000000,1592352000,380844.1340000000000000,2020-06-17 00:00:00+00:00
10.4130000000000000,10.6330000000000000,10.2340000000000000,10.5880000000000000,1592438400,265533.4130000000000000,2020-06-18 00:00:00+00:00
10.2680000000000000,10.4530000000000000,10.1340000000000000,10.4040000000000000,1592524800,265460.7550000000000000,2020-06-19 00:00:00+00:00
10.2640000000000000,10.3640000000000000,10.0360000000000000,10.2650000000000000,1592611200,257832.8510000000000000,2020-06-20 00:00:00+00:00
10.2980000000000000,10.6200000000000000,10.1800000000000000,10.2660000000000000,1592697600,359397.3080000000000000,2020-06-21 00:00:00+00:00
10.8000000000000000,10.8620000000000000,10.2500000000000000,10.2960000000000000,1592784000,462273.5290000000000000,2020-06-22 00:00:00+00:00
10.9410000000000000,11.3000000000000000,10.6160000000000000,10.7910000000000000,1592870400,574854.4500000000000000,2020-06-23 00:00:00+00:00
10.4910000000000000,11.2070000000000000,10.2590000000000000,10.9410000000000000,1592956800,673476.1680000000000000,2020-06-24 00:00:00+00:00
10.3350000000000000,10.5270000000000000,9.9030000000000000,10.4700000000000000,1593043200,397649.0240000000000000,2020-06-25 00:00:00+00:00
10.1960000000000000,10.3900000000000000,9.9780000000000000,10.3340000000000000,1593129600,391454.3200000000000000,2020-06-26 00:00:00+00:00
9.7030000000000000,10.3100000000000000,9.3090000000000000,10.1920000000000000,1593216000,335380.8520000000000000,2020-06-27 00:00:00+00:00
10.0450000000000000,10.2210000000000000,9.5800000000000000,9.7030000000000000,1593302400,286906.0660000000000000,2020-06-28 00:00:00+00:00
10.2130000000000000,10.2930000000000000,9.9140000000000000,10.0500000000000000,1593388800,289510.1490000000000000,2020-06-29 00:00:00+00:00
10.0340000000000000,10.2620000000000000,9.9820000000000000,10.2210000000000000,1593475200,183451.0550000000000000,2020-06-30 00:00:00+00:00
10.1380000000000000,10.2600000000000000,9.9070000000000000,10.0340000000000000,1593561600,283396.9110000000000000,2020-07-01 00:00:00+00:00
9.9220000000000000,10.2970000000000000,9.6600000000000000,10.1500000000000000,1593648000,399810.8500000000000000,2020-07-02 00:00:00+00:00
9.7800000000000000,10.0250000000000000,9.7320000000000000,9.9240000000000000,1593734400,212150.9780000000000000,2020-07-03 00:00:00+00:00
9.9730000000000000,10.0040000000000000,9.7530000000000000,9.7720000000000000,1593820800,237696.2030000000000000,2020-07-04 00:00:00+00:00
10.0700000000000000,10.1420000000000000,9.6140000000000000,9.9640000000000000,1593907200,385945.6620000000000000,2020-07-05 00:00:00+00:00
10.5750000000000000,10.5990000000000000,10.0580000000000000,10.0680000000000000,1593993600,616865.7040000000000000,2020-07-06 00:00:00+00:00
10.5600000000000000,10.6660000000000000,10.2570000000000000,10.5790000000000000,1594080000,533419.5760000000000000,2020-07-07 00:00:00+00:00
11.0800000000000000,11.2980000000000000,10.4500000000000000,10.5710000000000000,1594166400,1128242.0310000000000000,2020-07-08 00:00:00+00:00
10.7680000000000000,11.2980000000000000,10.4020000000000000,11.0750000000000000,1594252800,792408.4270000000000000,2020-07-09 00:00:00+00:00
10.4990000000000000,10.7700000000000000,10.3040000000000000,10.7680000000000000,1594339200,680467.8990000000000000,2020-07-10 00:00:00+00:00
10.7410000000000000,10.9220000000000000,10.3880000000000000,10.5080000000000000,1594425600,679243.5600000000000000,2020-07-11 00:00:00+00:00
10.7970000000000000,10.9500000000000000,10.4440000000000000,10.7370000000000000,1594512000,501296.6580000000000000,2020-07-12 00:00:00+00:00
10.6770000000000000,11.2520000000000000,10.3000000000000000,10.8010000000000000,1594598400,824056.2770000000000000,2020-07-13 00:00:00+00:00
10.8300000000000000,11.0200000000000000,10.3300000000000000,10.6650000000000000,1594684800,559168.3960000000000000,2020-07-14 00:00:00+00:00
10.9890000000000000,11.3820000000000000,10.8230000000000000,10.8240000000000000,1594771200,752224.6560000000000000,2020-07-15 00:00:00+00:00
10.6940000000000000,11.0430000000000000,10.3180000000000000,11.0040000000000000,1594857600,681816.8590000000000000,2020-07-16 00:00:00+00:00
10.5910000000000000,10.7760000000000000,10.5110000000000000,10.7000000000000000,1594944000,241073.0520000000000000,2020-07-17 00:00:00+00:00
10.5450000000000000,10.6940000000000000,10.4680000000000000,10.5810000000000000,1595030400,262911.6420000000000000,2020-07-18 00:00:00+00:00
10.6510000000000000,10.6670000000000000,10.4060000000000000,10.5450000000000000,1595116800,240426.8610000000000000,2020-07-19 00:00:00+00:00
10.3860000000000000,10.7100000000000000,10.3200000000000000,10.6530000000000000,1595203200,263481.9910000000000000,2020-07-20 00:00:00+00:00
11.1840000000000000,11.4800000000000000,10.3250000000000000,10.3780000000000000,1595289600,1007967.0440000000000000,2020-07-21 00:00:00+00:00
11.5590000000000000,11.7130000000000000,11.0000000000000000,11.1750000000000000,1595376000,705713.6120000000000000,2020-07-22 00:00:00+00:00
11.4320000000000000,11.7120000000000000,11.3300000000000000,11.5660000000000000,1595462400,501620.8010000000000000,2020-07-23 00:00:00+00:00
11.1010000000000000,11.4400000000000000,11.0000000000000000,11.4400000000000000,1595548800,536352.0630000000000000,2020-07-24 00:00:00+00:00
11.6080000000000000,11.6640000000000000,11.0760000000000000,11.0920000000000000,1595635200,623304.4440000000000000,2020-07-25 00:00:00+00:00
11.6200000000000000,11.9250000000000000,11.4200000000000000,11.6010000000000000,1595721600,645150.5650000000000000,2020-07-26 00:00:00+00:00
11.6190000000000000,11.8600000000000000,10.7600000000000000,11.6200000000000000,1595808000,1332842.2760000000000000,2020-07-27 00:00:00+00:00
11.7380000000000000,12.0500000000000000,11.3010000000000000,11.6290000000000000,1595894400,1001908.2740000000000000,2020-07-28 00:00:00+00:00
11.6700000000000000,12.2670000000000000,11.6050000000000000,11.7340000000000000,1595980800,800589.3200000000000000,2020-07-29 00:00:00+00:00
11.7740000000000000,11.8990000000000000,11.4650000000000000,11.6650000000000000,1596067200,491197.9700000000000000,2020-07-30 00:00:00+00:00
12.2450000000000000,12.7220000000000000,11.5790000000000000,11.7750000000000000,1596153600,639269.0780000000000000,2020-07-31 00:00:00+00:00
13.3960000000000000,13.4960000000000000,11.1400000000000000,12.2470000000000000,1596240000,1688835.6650000000000000,2020-08-01 00:00:00+00:00
12.1600000000000000,13.7650000000000000,11.9820000000000000,13.3940000000000000,1596326400,1128195.2770000000000000,2020-08-02 00:00:00+00:00
12.4000000000000000,12.7710000000000000,12.0120000000000000,12.1640000000000000,1596412800,797852.1090000000000000,2020-08-03 00:00:00+00:00
12.5610000000000000,12.7850000000000000,12.3000000000000000,12.3910000000000000,1596499200,511142.9000000000000000,2020-08-04 00:00:00+00:00
12.8680000000000000,12.9500000000000000,12.3790000000000000,12.5610000000000000,1596585600,622996.0690000000000000,2020-08-05 00:00:00+00:00
12.9510000000000000,13.2700000000000000,12.7360000000000000,12.8610000000000000,1596672000,744463.3280000000000000,2020-08-06 00:00:00+00:00
12.8560000000000000,13.5000000000000000,12.5000000000000000,12.9530000000000000,1596758400,856975.8530000000000000,2020-08-07 00:00:00+00:00
13.1230000000000000,13.1550000000000000,12.6800000000000000,12.8500000000000000,1596844800,338992.3490000000000000,2020-08-08 00:00:00+00:00
12.9970000000000000,13.3690000000000000,12.7600000000000000,13.1230000000000000,1596931200,410367.3980000000000000,2020-08-09 00:00:00+00:00
14.5260000000000000,15.4000000000000000,12.9970000000000000,12.9970000000000000,1597017600,1862106.0750000000000000,2020-08-10 00:00:00+00:00
13.6860000000000000,14.6340000000000000,13.2720000000000000,14.5320000000000000,1597104000,898260.8070000000000000,2020-08-11 00:00:00+00:00
14.3440000000000000,14.6240000000000000,13.3150000000000000,13.6860000000000000,1597190400,848679.3390000000000000,2020-08-12 00:00:00+00:00
14.5450000000000000,14.9890000000000000,13.4980000000000000,14.3290000000000000,1597276800,1100919.7930000000000000,2020-08-13 00:00:00+00:00
14.8130000000000000,15.8500000000000000,14.2330000000000000,14.5450000000000000,1597363200,1038250.2370000000000000,2020-08-14 00:00:00+00:00
15.1030000000000000,15.5310000000000000,14.7320000000000000,14.8130000000000000,1597449600,658525.6040000000000000,2020-08-15 00:00:00+00:00
15.4900000000000000,15.7490000000000000,14.6150000000000000,15.1010000000000000,1597536000,710473.5320000000000000,2020-08-16 00:00:00+00:00
16.5600000000000000,16.9560000000000000,15.2280000000000000,15.4990000000000000,1597622400,1229833.5060000000000000,2020-08-17 00:00:00+00:00
16.1200000000000000,17.5780000000000000,16.0100000000000000,16.5600000000000000,1597708800,968575.5230000000000000,2020-08-18 00:00:00+00:00
15.8340000000000000,17.0800000000000000,15.4650000000000000,16.1190000000000000,1597795200,987213.0850000000000000,2020-08-19 00:00:00+00:00
17.8420000000000000,17.9490000000000000,15.8070000000000000,15.8250000000000000,1597881600,915874.7880000000000000,2020-08-20 00:00:00+00:00
16.3870000000000000,19.8540000000000000,16.3610000000000000,17.8420000000000000,1597968000,2428489.2310000000000000,2020-08-21 00:00:00+00:00
18.9360000000000000,19.1910000000000000,15.9260000000000000,16.3680000000000000,1598054400,1910941.1940000000000000,2020-08-22 00:00:00+00:00
18.1700000000000000,19.7570000000000000,17.7150000000000000,18.9350000000000000,1598140800,1223037.3440000000000000,2020-08-23 00:00:00+00:00
18.0740000000000000,19.4670000000000000,17.9000000000000000,18.1870000000000000,1598227200,833134.0480000000000000,2020-08-24 00:00:00+00:00
17.0230000000000000,18.2610000000000000,16.1320000000000000,18.0680000000000000,1598313600,1116590.6440000000000000,2020-08-25 00:00:00+00:00
17.3220000000000000,18.0400000000000000,16.8370000000000000,17.0230000000000000,1598400000,1003044.7360000000000000,2020-08-26 00:00:00+00:00
17.6490000000000000,18.2000000000000000,16.4200000000000000,17.3240000000000000,1598486400,1111134.9570000000000000,2020-08-27 00:00:00+00:00
18.2940000000000000,18.5870000000000000,17.3650000000000000,17.6660000000000000,1598572800,972130.7920000000000000,2020-08-28 00:00:00+00:00
21.1410000000000000,21.9500000000000000,17.9640000000000000,18.2940000000000000,1598659200,2233868.4760000000000000,2020-08-29 00:00:00+00:00
20.6620000000000000,22.9000000000000000,20.3230000000000000,21.1350000000000000,1598745600,2135153.4730000000000000,2020-08-30 00:00:00+00:00
20.4430000000000000,21.5700000000000000,20.2110000000000000,20.6580000000000000,1598832000,1189764.7050000000000000,2020-08-31 00:00:00+00:00
21.5170000000000000,22.4990000000000000,20.1320000000000000,20.4390000000000000,1598918400,1267078.4930000000000000,2020-09-01 00:00:00+00:00
20.3300000000000000,21.7200000000000000,19.3370000000000000,21.5030000000000000,1599004800,1008441.1930000000000000,2020-09-02 00:00:00+00:00
17.7250000000000000,20.6470000000000000,17.0340000000000000,20.3260000000000000,1599091200,1142237.6880000000000000,2020-09-03 00:00:00+00:00
16.9640000000000000,19.3500000000000000,16.2570000000000000,18.8960000000000000,1599264000,1453733.9510000000000000,2020-09-05 00:00:00+00:00
17.1560000000000000,17.7450000000000000,16.2210000000000000,16.9390000000000000,1599350400,705606.1070000000000000,2020-09-06 00:00:00+00:00
18.2040000000000000,18.3160000000000000,15.8670000000000000,17.1670000000000000,1599436800,1145075.8280000000000000,2020-09-07 00:00:00+00:00
17.1220000000000000,18.6540000000000000,16.5080000000000000,18.2370000000000000,1599523200,875602.0750000000000000,2020-09-08 00:00:00+00:00
17.2820000000000000,17.9500000000000000,16.6090000000000000,17.1210000000000000,1599609600,456944.1790000000000000,2020-09-09 00:00:00+00:00
18.4620000000000000,18.6450000000000000,17.2660000000000000,17.2660000000000000,1599696000,573974.2740000000000000,2020-09-10 00:00:00+00:00
20.3190000000000000,20.6070000000000000,18.1000000000000000,18.4620000000000000,1599782400,1434744.6920000000000000,2020-09-11 00:00:00+00:00
21.7250000000000000,21.8000000000000000,19.7170000000000000,20.3140000000000000,1599868800,1037780.9610000000000000,2020-09-12 00:00:00+00:00
20.3390000000000000,22.0430000000000000,19.2400000000000000,21.7170000000000000,1599955200,1073232.2100000000000000,2020-09-13 00:00:00+00:00
22.0180000000000000,22.5370000000000000,19.5050000000000000,20.3320000000000000,1600041600,1123797.1050000000000000,2020-09-14 00:00:00+00:00
20.2700000000000000,22.4940000000000000,20.1010000000000000,22.0190000000000000,1600128000,1020793.0420000000000000,2020-09-15 00:00:00+00:00
20.9970000000000000,21.7990000000000000,19.4090000000000000,20.2630000000000000,1600214400,947308.5410000000000000,2020-09-16 00:00:00+00:00
23.8330000000000000,24.3200000000000000,20.6420000000000000,20.9800000000000000,1600300800,1668918.1340000000000000,2020-09-17 00:00:00+00:00
25.3070000000000000,25.8590000000000000,22.8690000000000000,23.8450000000000000,1600387200,1643193.1340000000000000,2020-09-18 00:00:00+00:00
24.5000000000000000,25.3290000000000000,23.6000000000000000,25.3070000000000000,1600473600,738057.8740000000000000,2020-09-19 00:00:00+00:00
23.5790000000000000,25.6020000000000000,22.7760000000000000,24.5000000000000000,1600560000,1162067.3540000000000000,2020-09-20 00:00:00+00:00
20.1120000000000000,24.4200000000000000,19.4300000000000000,23.6000000000000000,1600646400,2614377.4890000000000000,2020-09-21 00:00:00+00:00
20.2050000000000000,20.7110000000000000,18.6040000000000000,20.1120000000000000,1600732800,1603505.0000000000000000,2020-09-22 00:00:00+00:00
19.6850000000000000,21.8370000000000000,18.7660000000000000,20.1910000000000000,1600819200,2344128.2130000000000000,2020-09-23 00:00:00+00:00
21.8130000000000000,22.0220000000000000,19.3490000000000000,19.6750000000000000,1600905600,1471219.0330000000000000,2020-09-24 00:00:00+00:00
21.3110000000000000,23.1980000000000000,20.8250000000000000,21.8220000000000000,1600992000,2727388.6290000000000000,2020-09-25 00:00:00+00:00
21.0040000000000000,22.4820000000000000,20.5010000000000000,21.3200000000000000,1601078400,1156657.0690000000000000,2020-09-26 00:00:00+00:00
21.1470000000000000,22.0300000000000000,20.4590000000000000,21.0000000000000000,1601164800,944074.6750000000000000,2020-09-27 00:00:00+00:00
20.1100000000000000,21.5820000000000000,19.7920000000000000,21.1470000000000000,1601251200,1374841.9450000000000000,2020-09-28 00:00:00+00:00
19.6910000000000000,20.3280000000000000,19.0190000000000000,20.1230000000000000,1601337600,871022.4140000000000000,2020-09-29 00:00:00+00:00
19.0780000000000000,20.2000000000000000,18.7270000000000000,19.6790000000000000,1601424000,1090627.6460000000000000,2020-09-30 00:00:00+00:00
18.7860000000000000,20.3660000000000000,18.1430000000000000,19.1030000000000000,1601510400,1042564.4680000000000000,2020-10-01 00:00:00+00:00
18.0890000000000000,19.0960000000000000,17.2350000000000000,18.7780000000000000,1601596800,741400.9420000000000000,2020-10-02 00:00:00+00:00
17.8060000000000000,18.2900000000000000,17.6970000000000000,18.1010000000000000,1601683200,389839.8330000000000000,2020-10-03 00:00:00+00:00
18.1250000000000000,18.1750000000000000,17.3970000000000000,17.8060000000000000,1601769600,377074.0470000000000000,2020-10-04 00:00:00+00:00
17.6640000000000000,18.2620000000000000,17.5010000000000000,18.1150000000000000,1601856000,592836.8290000000000000,2020-10-05 00:00:00+00:00
16.5690000000000000,17.7870000000000000,16.3780000000000000,17.6720000000000000,1601942400,1040141.6510000000000000,2020-10-06 00:00:00+00:00
16.7640000000000000,16.9760000000000000,16.0000000000000000,16.5600000000000000,1602028800,633652.3060000000000000,2020-10-07 00:00:00+00:00
17.0190000000000000,17.2820000000000000,16.1020000000000000,16.7650000000000000,1602115200,707598.7490000000000000,2020-10-08 00:00:00+00:00
17.3900000000000000,17.6240000000000000,16.8340000000000000,17.0120000000000000,1602201600,599629.3740000000000000,2020-10-09 00:00:00+00:00
17.5340000000000000,18.3350000000000000,17.3630000000000000,17.3910000000000000,1602288000,646881.4870000000000000,2020-10-10 00:00:00+00:00
17.7870000000000000,18.0070000000000000,17.3310000000000000,17.5320000000000000,1602374400,419301.4030000000000000,2020-10-11 00:00:00+00:00
17.9830000000000000,18.5000000000000000,17.4220000000000000,17.7860000000000000,1602460800,739325.8880000000000000,2020-10-12 00:00:00+00:00
17.5870000000000000,18.1290000000000000,17.2000000000000000,17.9820000000000000,1602547200,650443.5540000000000000,2020-10-13 00:00:00+00:00
16.9590000000000000,17.7770000000000000,16.7990000000000000,17.5890000000000000,1602633600,688904.0620000000000000,2020-10-14 00:00:00+00:00
17.2400000000000000,17.3560000000000000,16.8500000000000000,16.9570000000000000,1602720000,541376.6350000000000000,2020-10-15 00:00:00+00:00
17.0210000000000000,17.3240000000000000,16.6950000000000000,17.2390000000000000,1602806400,424525.0720000000000000,2020-10-16 00:00:00+00:00
17.1920000000000000,17.2780000000000000,16.9070000000000000,17.0210000000000000,1602892800,316563.5450000000000000,2020-10-17 00:00:00+00:00
17.4280000000000000,18.1100000000000000,17.1520000000000000,17.1920000000000000,1602979200,541886.6500000000000000,2020-10-18 00:00:00+00:00
17.5690000000000000,17.6660000000000000,17.0830000000000000,17.4260000000000000,1603065600,875396.1770000000000000,2020-10-19 00:00:00+00:00
16.9480000000000000,18.0300000000000000,16.8770000000000000,17.5720000000000000,1603152000,771757.9720000000000000,2020-10-20 00:00:00+00:00
18.3320000000000000,18.8160000000000000,16.8960000000000000,16.9540000000000000,1603238400,849480.2730000000000000,2020-10-21 00:00:00+00:00
18.6530000000000000,19.1790000000000000,18.2490000000000000,18.3200000000000000,1603324800,544112.9520000000000000,2020-10-22 00:00:00+00:00
18.1360000000000000,18.6600000000000000,17.8140000000000000,18.6540000000000000,1603411200,401195.8650000000000000,2020-10-23 00:00:00+00:00
18.3120000000000000,18.4660000000000000,17.9600000000000000,18.1220000000000000,1603497600,244688.9580000000000000,2020-10-24 00:00:00+00:00
17.8650000000000000,18.4610000000000000,17.6030000000000000,18.3040000000000000,1603584000,293708.5810000000000000,2020-10-25 00:00:00+00:00
17.0840000000000000,18.1450000000000000,16.6090000000000000,17.8520000000000000,1603670400,413992.4280000000000000,2020-10-26 00:00:00+00:00
17.0070000000000000,17.4370000000000000,16.8530000000000000,17.0780000000000000,1603756800,337382.8770000000000000,2020-10-27 00:00:00+00:00
15.8700000000000000,17.1330000000000000,15.7000000000000000,16.9990000000000000,1603843200,601156.7100000000000000,2020-10-28 00:00:00+00:00
15.2760000000000000,16.0830000000000000,14.9450000000000000,15.8690000000000000,1603929600,484277.9570000000000000,2020-10-29 00:00:00+00:00
14.7880000000000000,15.4940000000000000,13.9740000000000000,15.2860000000000000,1604016000,651975.1940000000000000,2020-10-30 00:00:00+00:00
14.7020000000000000,15.1860000000000000,14.5600000000000000,14.7870000000000000,1604102400,430595.9330000000000000,2020-10-31 00:00:00+00:00
14.9410000000000000,15.0430000000000000,14.5410000000000000,14.7120000000000000,1604188800,279497.2080000000000000,2020-11-01 00:00:00+00:00
15.2150000000000000,15.8300000000000000,14.9450000000000000,14.9490000000000000,1604275200,744506.8780000000000000,2020-11-02 00:00:00+00:00
14.6760000000000000,15.4930000000000000,14.1180000000000000,15.2270000000000000,1604361600,664268.9700000000000000,2020-11-03 00:00:00+00:00
14.0490000000000000,14.6970000000000000,13.4570000000000000,14.6880000000000000,1604448000,826887.8970000000000000,2020-11-04 00:00:00+00:00
14.4010000000000000,14.6440000000000000,13.8140000000000000,14.0580000000000000,1604534400,740857.8260000000000000,2020-11-05 00:00:00+00:00
15.7120000000000000,16.0000000000000000,14.3350000000000000,14.4010000000000000,1604620800,1023297.2910000000000000,2020-11-06 00:00:00+00:00
14.8130000000000000,16.6410000000000000,14.5340000000000000,15.7160000000000000,1604707200,1518620.9920000000000000,2020-11-07 00:00:00+00:00
15.4500000000000000,15.7000000000000000,14.6500000000000000,14.8230000000000000,1604793600,569881.2820000000000000,2020-11-08 00:00:00+00:00
15.3780000000000000,15.5880000000000000,14.8120000000000000,15.4390000000000000,1604880000,551033.6310000000000000,2020-11-09 00:00:00+00:00
15.5850000000000000,15.8390000000000000,15.1380000000000000,15.3860000000000000,1604966400,427628.2590000000000000,2020-11-10 00:00:00+00:00
15.3910000000000000,15.9820000000000000,15.3880000000000000,15.5900000000000000,1605052800,390521.0560000000000000,2020-11-11 00:00:00+00:00
15.4560000000000000,15.9880000000000000,15.1790000000000000,15.3980000000000000,1605139200,419161.7810000000000000,2020-11-12 00:00:00+00:00
16.0070000000000000,16.1500000000000000,15.3460000000000000,15.4420000000000000,1605225600,446932.3620000000000000,2020-11-13 00:00:00+00:00
15.6840000000000000,16.2800000000000000,15.3900000000000000,16.0160000000000000,1605312000,346307.8120000000000000,2020-11-14 00:00:00+00:00
15.3170000000000000,15.9570000000000000,14.9870000000000000,15.6840000000000000,1605398400,507385.4100000000000000,2020-11-15 00:00:00+00:00
15.7200000000000000,15.8870000000000000,15.1390000000000000,15.3170000000000000,1605484800,419532.8150000000000000,2020-11-16 00:00:00+00:00
16.1500000000000000,16.6670000000000000,15.6570000000000000,15.7250000000000000,1605571200,907289.7920000000000000,2020-11-17 00:00:00+00:00
15.7180000000000000,16.3490000000000000,15.2500000000000000,16.1500000000000000,1605657600,652619.7450000000000000,2020-11-18 00:00:00+00:00
16.0950000000000000,16.2700000000000000,15.3920000000000000,15.7220000000000000,1605744000,474683.4870000000000000,2020-11-19 00:00:00+00:00
16.4440000000000000,16.8340000000000000,16.0760000000000000,16.1000000000000000,1605830400,831601.1110000000000000,2020-11-20 00:00:00+00:00
18.3200000000000000,18.3500000000000000,16.4090000000000000,16.4360000000000000,1605916800,1435622.1270000000000000,2020-11-21 00:00:00+00:00
17.1800000000000000,18.5980000000000000,16.4990000000000000,18.3030000000000000,1606003200,1203988.0480000000000000,2020-11-22 00:00:00+00:00
19.0930000000000000,19.1430000000000000,16.9070000000000000,17.1870000000000000,1606089600,1296832.9740000000000000,2020-11-23 00:00:00+00:00
20.4990000000000000,21.3000000000000000,18.5890000000000000,19.1000000000000000,1606176000,1833219.4070000000000000,2020-11-24 00:00:00+00:00
19.7110000000000000,21.8290000000000000,18.8000000000000000,20.4990000000000000,1606262400,1908650.2940000000000000,2020-11-25 00:00:00+00:00
17.1920000000000000,20.3780000000000000,15.8090000000000000,19.6790000000000000,1606348800,1685015.6290000000000000,2020-11-26 00:00:00+00:00
17.1200000000000000,17.6320000000000000,16.2110000000000000,17.1850000000000000,1606435200,885645.0070000000000000,2020-11-27 00:00:00+00:00
17.5330000000000000,18.0500000000000000,16.5230000000000000,17.1070000000000000,1606521600,770041.1890000000000000,2020-11-28 00:00:00+00:00
17.6840000000000000,17.9990000000000000,16.8750000000000000,17.5210000000000000,1606608000,828445.3130000000000000,2020-11-29 00:00:00+00:00
18.5770000000000000,18.7710000000000000,17.3200000000000000,17.6970000000000000,1606694400,954727.1140000000000000,2020-11-30 00:00:00+00:00
17.5300000000000000,19.3200000000000000,17.2580000000000000,18.5800000000000000,1606780800,1236762.5060000000000000,2020-12-01 00:00:00+00:00
18.0260000000000000,18.4390000000000000,17.2080000000000000,17.5200000000000000,1606867200,770821.0950000000000000,2020-12-02 00:00:00+00:00
18.8530000000000000,19.2000000000000000,17.8560000000000000,18.0110000000000000,1606953600,927338.2360000000000000,2020-12-03 00:00:00+00:00
17.2980000000000000,19.0120000000000000,17.0910000000000000,18.8440000000000000,1607040000,776658.4390000000000000,2020-12-04 00:00:00+00:00
17.9750000000000000,17.9920000000000000,17.0100000000000000,17.2950000000000000,1607126400,356080.2510000000000000,2020-12-05 00:00:00+00:00
17.8900000000000000,18.1390000000000000,17.5310000000000000,17.9750000000000000,1607212800,354925.7300000000000000,2020-12-06 00:00:00+00:00
17.4420000000000000,17.9280000000000000,17.2450000000000000,17.9010000000000000,1607299200,323264.3110000000000000,2020-12-07 00:00:00+00:00
16.4560000000000000,17.5230000000000000,16.0750000000000000,17.4500000000000000,1607385600,549740.7490000000000000,2020-12-08 00:00:00+00:00
16.8990000000000000,17.0300000000000000,15.6470000000000000,16.4470000000000000,1607472000,632641.9930000000000000,2020-12-09 00:00:00+00:00
16.2380000000000000,16.9650000000000000,16.0200000000000000,16.8920000000000000,1607558400,356264.0770000000000000,2020-12-10 00:00:00+00:00
15.8980000000000000,16.3210000000000000,15.5030000000000000,16.2460000000000000,1607644800,426595.3120000000000000,2020-12-11 00:00:00+00:00
16.4630000000000000,16.6600000000000000,15.8660000000000000,15.9180000000000000,1607731200,322476.2890000000000000,2020-12-12 00:00:00+00:00
17.2610000000000000,17.7330000000000000,16.3800000000000000,16.4740000000000000,1607817600,594834.8620000000000000,2020-12-13 00:00:00+00:00
17.3980000000000000,17.6610000000000000,16.9640000000000000,17.2710000000000000,1607904000,323675.4670000000000000,2020-12-14 00:00:00+00:00
17.1030000000000000,17.5540000000000000,16.7160000000000000,17.3980000000000000,1607990400,473293.0450000000000000,2020-12-15 00:00:00+00:00
17.9520000000000000,17.9660000000000000,16.6410000000000000,17.0990000000000000,1608076800,530263.3890000000000000,2020-12-16 00:00:00+00:00
17.7730000000000000,18.7490000000000000,17.3770000000000000,17.9430000000000000,1608163200,997832.8510000000000000,2020-12-17 00:00:00+00:00
17.9180000000000000,18.3200000000000000,17.3410000000000000,17.7660000000000000,1608249600,577286.5610000000000000,2020-12-18 00:00:00+00:00
17.8350000000000000,18.4440000000000000,17.6300000000000000,17.9100000000000000,1608336000,488769.6600000000000000,2020-12-19 00:00:00+00:00
17.5410000000000000,18.4900000000000000,17.0000000000000000,17.8420000000000000,1608422400,743839.6690000000000000,2020-12-20 00:00:00+00:00
16.5140000000000000,17.8420000000000000,16.0700000000000000,17.5400000000000000,1608508800,881516.3270000000000000,2020-12-21 00:00:00+00:00
16.5160000000000000,16.9210000000000000,15.7560000000000000,16.5260000000000000,1608595200,601766.4180000000000000,2020-12-22 00:00:00+00:00
13.4560000000000000,16.6380000000000000,12.7430000000000000,16.5110000000000000,1608681600,1221308.6010000000000000,2020-12-23 00:00:00+00:00
15.2690000000000000,15.3000000000000000,13.0660000000000000,13.4520000000000000,1608768000,1083876.9400000000000000,2020-12-24 00:00:00+00:00
15.1730000000000000,15.8880000000000000,14.5070000000000000,15.2630000000000000,1608854400,779371.5140000000000000,2020-12-25 00:00:00+00:00
14.9840000000000000,15.7000000000000000,14.2440000000000000,15.1730000000000000,1608940800,861681.5620000000000000,2020-12-26 00:00:00+00:00
15.1120000000000000,15.9500000000000000,14.0700000000000000,14.9780000000000000,1609027200,1160520.5280000000000000,2020-12-27 00:00:00+00:00
15.6300000000000000,16.2740000000000000,15.0000000000000000,15.1190000000000000,1609113600,864837.6970000000000000,2020-12-28 00:00:00+00:00
15.0540000000000000,15.9450000000000000,14.4050000000000000,15.6210000000000000,1609200000,924125.6390000000000000,2020-12-29 00:00:00+00:00
14.7220000000000000,15.2190000000000000,14.5020000000000000,15.0650000000000000,1609286400,433452.6010000000000000,2020-12-30 00:00:00+00:00
14.2560000000000000,14.7310000000000000,13.9450000000000000,14.7240000000000000,1609372800,430554.6050000000000000,2020-12-31 00:00:00+00:00
14.4610000000000000,14.9480000000000000,14.1180000000000000,14.2620000000000000,1609459200,506778.3190000000000000,2021-01-01 00:00:00+00:00
14.4260000000000000,14.7990000000000000,14.0810000000000000,14.4590000000000000,1609545600,721144.9690000000000000,2021-01-02 00:00:00+00:00
16.0240000000000000,16.3330000000000000,14.0000000000000000,14.4220000000000000,1609632000,1842332.5230000000000000,2021-01-03 00:00:00+00:00
16.3720000000000000,17.7360000000000000,14.5700000000000000,16.0240000000000000,1609718400,1976058.1400000000000000,2021-01-04 00:00:00+00:00
16.8680000000000000,17.3190000000000000,15.4000000000000000,16.3530000000000000,1609804800,1745720.9130000000000000,2021-01-05 00:00:00+00:00
19.5350000000000000,20.6500000000000000,16.5260000000000000,16.8720000000000000,1609891200,3146471.3670000000000000,2021-01-06 00:00:00+00:00
20.8890000000000000,22.8800000000000000,18.7000000000000000,19.5520000000000000,1609977600,3941761.7000000000000000,2021-01-07 00:00:00+00:00
19.7240000000000000,21.5000000000000000,18.5240000000000000,20.9060000000000000,1610064000,2396277.0140000000000000,2021-01-08 00:00:00+00:00
21.3380000000000000,21.6750000000000000,19.0000000000000000,19.7440000000000000,1610150400,2236328.5070000000000000,2021-01-09 00:00:00+00:00
24.9210000000000000,26.6100000000000000,20.2010000000000000,21.3500000000000000,1610236800,5292650.2210000000000000,2021-01-10 00:00:00+00:00
23.6580000000000000,26.7150000000000000,20.7000000000000000,24.9060000000000000,1610323200,7563291.1840000000000000,2021-01-11 00:00:00+00:00
22.1480000000000000,24.6940000000000000,21.5000000000000000,23.6660000000000000,1610409600,2471050.8890000000000000,2021-01-12 00:00:00+00:00
23.2290000000000000,24.0000000000000000,20.7000000000000000,22.1650000000000000,1610496000,1901747.5180000000000000,2021-01-13 00:00:00+00:00
23.1040000000000000,23.9700000000000000,22.1080000000000000,23.2070000000000000,1610582400,1567905.6770000000000000,2021-01-14 00:00:00+00:00
23.4930000000000000,25.4860000000000000,21.9010000000000000,23.1040000000000000,1610668800,2968008.5340000000000000,2021-01-15 00:00:00+00:00
23.5800000000000000,24.5500000000000000,22.8020000000000000,23.4260000000000000,1610755200,1747739.7820000000000000,2021-01-16 00:00:00+00:00
23.8410000000000000,24.7000000000000000,22.2040000000000000,23.6050000000000000,1610841600,1457405.5860000000000000,2021-01-17 00:00:00+00:00
27.0550000000000000,28.3490000000000000,23.0430000000000000,23.8310000000000000,1610928000,3720664.9220000000000000,2021-01-18 00:00:00+00:00
26.2730000000000000,28.8680000000000000,26.2220000000000000,27.0830000000000000,1611014400,2500043.8960000000000000,2021-01-19 00:00:00+00:00
26.0720000000000000,26.8200000000000000,23.8110000000000000,26.2680000000000000,1611100800,2245161.9570000000000000,2021-01-20 00:00:00+00:00
22.0960000000000000,26.2400000000000000,21.9640000000000000,26.0800000000000000,1611187200,2002929.2370000000000000,2021-01-21 00:00:00+00:00
23.4690000000000000,24.5180000000000000,20.7700000000000000,22.1030000000000000,1611273600,1656755.3390000000000000,2021-01-22 00:00:00+00:00
24.4250000000000000,25.4300000000000000,23.0250000000000000,23.4350000000000000,1611360000,1594383.3490000000000000,2021-01-23 00:00:00+00:00
24.4010000000000000,25.6140000000000000,23.5970000000000000,24.4090000000000000,1611446400,1183062.3130000000000000,2021-01-24 00:00:00+00:00
23.3130000000000000,25.2490000000000000,23.0930000000000000,24.4080000000000000,1611532800,986933.8220000000000000,2021-01-25 00:00:00+00:00
23.1580000000000000,24.0000000000000000,22.3170000000000000,23.3090000000000000,1611619200,894424.4770000000000000,2021-01-26 00:00:00+00:00
21.0330000000000000,23.1910000000000000,20.3330000000000000,23.1400000000000000,1611705600,1084209.7930000000000000,2021-01-27 00:00:00+00:00
22.2450000000000000,22.9360000000000000,20.6520000000000000,21.0220000000000000,1611792000,948203.3620000000000000,2021-01-28 00:00:00+00:00
22.5490000000000000,23.8880000000000000,21.8320000000000000,22.2410000000000000,1611878400,1379728.5520000000000000,2021-01-29 00:00:00+00:00
22.8640000000000000,22.9000000000000000,21.8100000000000000,22.5660000000000000,1611964800,833285.2650000000000000,2021-01-30 00:00:00+00:00
22.2760000000000000,24.8190000000000000,21.5540000000000000,22.8640000000000000,1612051200,1366991.9620000000000000,2021-01-31 00:00:00+00:00
23.1190000000000000,23.9880000000000000,21.7880000000000000,22.2770000000000000,1612137600,1651342.4160000000000000,2021-02-01 00:00:00+00:00
23.7400000000000000,23.8560000000000000,22.4730000000000000,23.0920000000000000,1612224000,979287.4070000000000000,2021-02-02 00:00:00+00:00
24.6620000000000000,24.9720000000000000,23.4690000000000000,23.7420000000000000,1612310400,1320450.6990000000000000,2021-02-03 00:00:00+00:00
23.7500000000000000,25.0510000000000000,23.0020000000000000,24.6690000000000000,1612396800,1196053.3510000000000000,2021-02-04 00:00:00+00:00
26.0700000000000000,26.4600000000000000,23.5890000000000000,23.7310000000000000,1612483200,1840199.0990000000000000,2021-02-05 00:00:00+00:00
24.8340000000000000,26.3000000000000000,24.4400000000000000,26.0790000000000000,1612569600,1288578.9930000000000000,2021-02-06 00:00:00+00:00
24.5260000000000000,25.6290000000000000,23.3710000000000000,24.8380000000000000,1612656000,1390164.0500000000000000,2021-02-07 00:00:00+00:00
27.3790000000000000,27.7770000000000000,23.9650000000000000,24.5120000000000000,1612742400,2057096.3430000000000000,2021-02-08 00:00:00+00:00
31.0650000000000000,32.0880000000000000,26.4320000000000000,27.3850000000000000,1612828800,4145900.0100000000000000,2021-02-09 00:00:00+00:00
33.3900000000000000,36.5000000000000000,30.2560000000000000,31.0790000000000000,1612915200,4042137.0690000000000000,2021-02-10 00:00:00+00:00
36.2970000000000000,38.8000000000000000,32.7100000000000000,33.4340000000000000,1613001600,3150376.8240000000000000,2021-02-11 00:00:00+00:00
37.5720000000000000,38.4000000000000000,35.0120000000000000,36.2740000000000000,1613088000,2011469.7220000000000000,2021-02-12 00:00:00+00:00
42.4150000000000000,43.6000000000000000,35.5000000000000000,37.5710000000000000,1613174400,3260915.5980000000000000,2021-02-13 00:00:00+00:00
43.9420000000000000,47.4440000000000000,40.4000000000000000,42.4580000000000000,1613260800,3274131.0810000000000000,2021-02-14 00:00:00+00:00
41.5750000000000000,45.4740000000000000,37.7700000000000000,43.9350000000000000,1613347200,2784159.8230000000000000,2021-02-15 00:00:00+00:00
40.9450000000000000,44.8600000000000000,39.4090000000000000,41.6020000000000000,1613433600,1764629.3830000000000000,2021-02-16 00:00:00+00:00
42.5510000000000000,43.9510000000000000,38.6420000000000000,40.9460000000000000,1613520000,1511999.8620000000000000,2021-02-17 00:00:00+00:00
43.7830000000000000,44.9770000000000000,41.0100000000000000,42.5470000000000000,1613606400,1454571.4600000000000000,2021-02-18 00:00:00+00:00
47.7930000000000000,49.7800000000000000,41.6540000000000000,43.8080000000000000,1613692800,1348917.6350000000000000,2021-02-19 00:00:00+00:00
43.8660000000000000,49.8920000000000000,42.7350000000000000,47.8780000000000000,1613779200,1517252.9750000000000000,2021-02-20 00:00:00+00:00
54.9000000000000000,54.9840000000000000,42.7000000000000000,43.8660000000000000,1613865600,4051349.8790000000000000,2021-02-21 00:00:00+00:00
46.8790000000000000,55.4440000000000000,41.0000000000000000,54.8570000000000000,1613952000,2272964.1780000000000000,2021-02-22 00:00:00+00:00
38.6500000000000000,47.5480000000000000,32.0430000000000000,46.9070000000000000,1614038400,2021847.7350000000000000,2021-02-23 00:00:00+00:00
38.1770000000000000,43.0000000000000000,38.0220000000000000,40.6600000000000000,1614211200,1311130.1730000000000000,2021-02-25 00:00:00+00:00
37.6800000000000000,39.9020000000000000,35.5890000000000000,37.6730000000000000,1614297600,1562450.7360000000000000,2021-02-26 00:00:00+00:00
37.3680000000000000,39.5690000000000000,36.3490000000000000,37.6600000000000000,1614384000,1020117.3070000000000000,2021-02-27 00:00:00+00:00
35.2610000000000000,37.5000000000000000,31.9170000000000000,37.1870000000000000,1614470400,1500787.9360000000000000,2021-02-28 00:00:00+00:00
38.1200000000000000,38.5410000000000000,35.0090000000000000,35.2290000000000000,1614556800,1200102.5400000000000000,2021-03-01 00:00:00+00:00
37.7330000000000000,39.4520000000000000,36.0840000000000000,38.1200000000000000,1614643200,1040962.2240000000000000,2021-03-02 00:00:00+00:00
39.6000000000000000,41.2920000000000000,37.3350000000000000,37.7160000000000000,1614729600,1121887.9930000000000000,2021-03-03 00:00:00+00:00
37.8270000000000000,41.1000000000000000,36.8070000000000000,39.6000000000000000,1614816000,1002549.6220000000000000,2021-03-04 00:00:00+00:00
37.4080000000000000,38.1200000000000000,35.7010000000000000,37.8330000000000000,1614902400,864477.2840000000000000,2021-03-05 00:00:00+00:00
38.0790000000000000,38.5880000000000000,36.5640000000000000,37.4040000000000000,1614988800,584103.7230000000000000,2021-03-06 00:00:00+00:00
39.2790000000000000,39.3900000000000000,38.0260000000000000,38.1000000000000000,1615075200,616873.2890000000000000,2021-03-07 00:00:00+00:00
40.1130000000000000,40.1570000000000000,37.8250000000000000,39.2790000000000000,1615161600,892016.5150000000000000,2021-03-08 00:00:00+00:00
42.5870000000000000,43.0790000000000000,39.6400000000000000,40.1170000000000000,1615248000,1130404.3570000000000000,2021-03-09 00:00:00+00:00
40.8670000000000000,43.0020000000000000,39.8240000000000000,42.5860000000000000,1615334400,963261.1630000000000000,2021-03-10 00:00:00+00:00
41.9370000000000000,42.4010000000000000,39.2200000000000000,40.8680000000000000,1615420800,803097.4080000000000000,2021-03-11 00:00:00+00:00
39.8950000000000000,42.0640000000000000,38.6890000000000000,41.9670000000000000,1615507200,642825.7520000000000000,2021-03-12 00:00:00+00:00
42.0440000000000000,42.5000000000000000,38.3600000000000000,39.8880000000000000,1615593600,655795.2190000000000000,2021-03-13 00:00:00+00:00
39.6160000000000000,42.8640000000000000,39.5500000000000000,42.0800000000000000,1615680000,561045.4060000000000000,2021-03-14 00:00:00+00:00
38.6030000000000000,40.9600000000000000,37.2330000000000000,39.5610000000000000,1615766400,759197.9840000000000000,2021-03-15 00:00:00+00:00
40.7930000000000000,40.9450000000000000,37.6220000000000000,38.5960000000000000,1615852800,597512.0110000000000000,2021-03-16 00:00:00+00:00
45.3460000000000000,46.0800000000000000,40.1200000000000000,40.8130000000000000,1615939200,1756852.7220000000000000,2021-03-17 00:00:00+00:00
43.6430000000000000,47.9330000000000000,43.0900000000000000,47.1670000000000000,1616025600,1092755.7550000000000000,2021-03-18 00:00:00+00:00
44.0230000000000000,45.6300000000000000,42.5280000000000000,43.6450000000000000,1616112000,669388.6410000000000000,2021-03-19 00:00:00+00:00
43.0800000000000000,45.4650000000000000,42.8500000000000000,44.0120000000000000,1616198400,748000.0550000000000000,2021-03-20 00:00:00+00:00
42.4210000000000000,43.5500000000000000,41.0720000000000000,43.0720000000000000,1616284800,729441.2000000000000000,2021-03-21 00:00:00+00:00
40.6950000000000000,44.2220000000000000,40.5470000000000000,42.4520000000000000,1616371200,673869.0380000000000000,2021-03-22 00:00:00+00:00
41.0810000000000000,42.3500000000000000,40.1170000000000000,40.7000000000000000,1616457600,621426.2170000000000000,2021-03-23 00:00:00+00:00
39.5970000000000000,45.3940000000000000,38.9470000000000000,41.0530000000000000,1616544000,1533510.9790000000000000,2021-03-24 00:00:00+00:00
38.6320000000000000,40.9480000000000000,37.4210000000000000,39.4430000000000000,1616630400,1248138.4540000000000000,2021-03-25 00:00:00+00:00
41.6520000000000000,41.9830000000000000,38.6210000000000000,38.6330000000000000,1616716800,792881.8350000000000000,2021-03-26 00:00:00+00:00
41.1060000000000000,42.7000000000000000,40.3350000000000000,41.6840000000000000,1616803200,697167.8200000000000000,2021-03-27 00:00:00+00:00
44.7630000000000000,45.0000000000000000,40.9380000000000000,41.1130000000000000,1616889600,1742269.0170000000000000,2021-03-28 00:00:00+00:00
45.4990000000000000,46.5230000000000000,43.3720000000000000,44.7530000000000000,1616976000,1127798.4010000000000000,2021-03-29 00:00:00+00:00
44.9470000000000000,46.0980000000000000,44.2020000000000000,45.4960000000000000,1617062400,650522.6630000000000000,2021-03-30 00:00:00+00:00
50.7780000000000000,52.2200000000000000,43.1420000000000000,44.9700000000000000,1617148800,2134102.5260000000000000,2021-03-31 00:00:00+00:00
52.3260000000000000,53.8530000000000000,50.3420000000000000,50.7780000000000000,1617235200,1716555.9320000000000000,2021-04-01 00:00:00+00:00
52.9580000000000000,55.2720000000000000,50.9370000000000000,52.3640000000000000,1617321600,1016987.7750000000000000,2021-04-02 00:00:00+00:00
50.7090000000000000,56.9600000000000000,50.5500000000000000,52.9260000000000000,1617408000,1109473.1270000000000000,2021-04-03 00:00:00+00:00
54.5670000000000000,54.6160000000000000,49.6100000000000000,50.7330000000000000,1617494400,716397.7640000000000000,2021-04-04 00:00:00+00:00
58.8870000000000000,59.5680000000000000,51.6180000000000000,54.5660000000000000,1617580800,775562.0070000000000000,2021-04-05 00:00:00+00:00
63.0360000000000000,64.7500000000000000,57.8180000000000000,58.3900000000000000,1617667200,1346026.0920000000000000,2021-04-06 00:00:00+00:00
59.7780000000000000,68.5000000000000000,57.3370000000000000,63.0360000000000000,1617753600,1589438.7800000000000000,2021-04-07 00:00:00+00:00
63.3510000000000000,63.3690000000000000,58.0490000000000000,59.7840000000000000,1617840000,871602.3640000000000000,2021-04-08 00:00:00+00:00
60.8010000000000000,63.4220000000000000,60.1860000000000000,63.3190000000000000,1617926400,652793.3350000000000000,2021-04-09 00:00:00+00:00
61.6850000000000000,63.3890000000000000,59.6390000000000000,60.7990000000000000,1618012800,652276.2880000000000000,2021-04-10 00:00:00+00:00
63.9220000000000000,66.8000000000000000,60.9000000000000000,61.6910000000000000,1618099200,1184829.7270000000000000,2021-04-11 00:00:00+00:00
64.6500000000000000,64.9920000000000000,60.7140000000000000,63.8870000000000000,1618185600,842848.5710000000000000,2021-04-12 00:00:00+00:00
66.5870000000000000,68.2280000000000000,62.2490000000000000,64.6010000000000000,1618272000,618071.1330000000000000,2021-04-13 00:00:00+00:00
69.1200000000000000,70.9430000000000000,64.1380000000000000,66.6430000000000000,1618358400,800487.4090000000000000,2021-04-14 00:00:00+00:00
74.8290000000000000,75.0000000000000000,66.5150000000000000,69.1580000000000000,1618444800,871985.4110000000000000,2021-04-15 00:00:00+00:00
87.4540000000000000,87.8430000000000000,74.0990000000000000,74.8130000000000000,1618531200,983924.9730000000000000,2021-04-16 00:00:00+00:00
93.1370000000000000,105.7700000000000000,88.5140000000000000,88.7680000000000000,1618617600,1758988.0540000000000000,2021-04-17 00:00:00+00:00
119.7050000000000000,120.7870000000000000,76.7320000000000000,96.1830000000000000,1618704000,2791344.3620000000000000,2021-04-18 00:00:00+00:00
109.1290000000000000,130.5000000000000000,103.2960000000000000,119.9970000000000000,1618790400,4239747.4790000000000000,2021-04-19 00:00:00+00:00
108.1380000000000000,114.7220000000000000,98.8000000000000000,109.0070000000000000,1618876800,2284861.7990000000000000,2021-04-20 00:00:00+00:00
96.8460000000000000,109.1970000000000000,95.5630000000000000,108.1380000000000000,1618963200,1567682.6140000000000000,2021-04-21 00:00:00+00:00
89.8280000000000000,104.2730000000000000,86.4930000000000000,96.8230000000000000,1619049600,1697437.1030000000000000,2021-04-22 00:00:00+00:00
86.0960000000000000,91.6390000000000000,74.6010000000000000,89.7650000000000000,1619136000,1182761.1030000000000000,2021-04-23 00:00:00+00:00
79.5040000000000000,90.5000000000000000,79.5020000000000000,86.1020000000000000,1619222400,491211.9110000000000000,2021-04-24 00:00:00+00:00
79.5200000000000000,88.2000000000000000,74.5010000000000000,81.7180000000000000,1619308800,396542.5880000000000000,2021-04-25 00:00:00+00:00
89.7290000000000000,91.5000000000000000,79.5590000000000000,79.8250000000000000,1619395200,350651.8140000000000000,2021-04-26 00:00:00+00:00
94.1240000000000000,95.7140000000000000,88.6690000000000000,89.4040000000000000,1619481600,260698.5460000000000000,2021-04-27 00:00:00+00:00
91.8100000000000000,97.8360000000000000,86.6000000000000000,94.2250000000000000,1619568000,228238.7800000000000000,2021-04-28 00:00:00+00:00
89.5000000000000000,92.8940000000000000,86.5500000000000000,91.7960000000000000,1619654400,153324.2620000000000000,2021-04-29 00:00:00+00:00
96.9650000000000000,99.3990000000000000,87.9210000000000000,89.7310000000000000,1619740800,338693.9680000000000000,2021-04-30 00:00:00+00:00
102.7290000000000000,104.0170000000000000,94.5060000000000000,97.0130000000000000,1619827200,311895.8160000000000000,2021-05-01 00:00:00+00:00
106.6590000000000000,110.0000000000000000,98.6520000000000000,103.2290000000000000,1619913600,552544.0610000000000000,2021-05-02 00:00:00+00:00
107.2980000000000000,113.8750000000000000,105.6200000000000000,106.7340000000000000,1620000000,292391.1890000000000000,2021-05-03 00:00:00+00:00
97.5390000000000000,106.1670000000000000,93.6200000000000000,106.0270000000000000,1620086400,305237.3260000000000000,2021-05-04 00:00:00+00:00
114.8830000000000000,115.9180000000000000,97.0310000000000000,97.4110000000000000,1620172800,474415.3640000000000000,2021-05-05 00:00:00+00:00
122.7940000000000000,127.5120000000000000,112.0230000000000000,114.8830000000000000,1620259200,650487.8370000000000000,2021-05-06 00:00:00+00:00
117.6610000000000000,140.0000000000000000,112.3710000000000000,122.8250000000000000,1620345600,740779.4230000000000000,2021-05-07 00:00:00+00:00
116.3050000000000000,121.3810000000000000,112.0010000000000000,117.9180000000000000,1620432000,477796.2210000000000000,2021-05-08 00:00:00+00:00
119.0210000000000000,122.5600000000000000,111.2500000000000000,116.4710000000000000,1620518400,353396.0790000000000000,2021-05-09 00:00:00+00:00
105.2360000000000000,122.0000000000000000,97.0000000000000000,118.2550000000000000,1620604800,300427.1340000000000000,2021-05-10 00:00:00+00:00
115.7240000000000000,116.0000000000000000,101.0090000000000000,105.8230000000000000,1620691200,434046.5290000000000000,2021-05-11 00:00:00+00:00
97.5060000000000000,116.4600000000000000,97.5000000000000000,115.6950000000000000,1620777600,327036.1950000000000000,2021-05-12 00:00:00+00:00
95.7600000000000000,102.0370000000000000,88.2300000000000000,89.0000000000000000,1620864000,262770.8510000000000000,2021-05-13 00:00:00+00:00
92.7350000000000000,102.0000000000000000,92.1160000000000000,101.8900000000000000,1621036800,245453.4490000000000000,2021-05-15 00:00:00+00:00
92.2810000000000000,101.3750000000000000,87.1720000000000000,92.6120000000000000,1621123200,371191.9070000000000000,2021-05-16 00:00:00+00:00
85.6340000000000000,92.4630000000000000,80.9160000000000000,92.4630000000000000,1621209600,502795.9000000000000000,2021-05-17 00:00:00+00:00
86.7590000000000000,91.8010000000000000,84.5340000000000000,85.6440000000000000,1621296000,325715.1440000000000000,2021-05-18 00:00:00+00:00
55.2710000000000000,88.8580000000000000,47.4420000000000000,86.8300000000000000,1621382400,372934.7400000000000000,2021-05-19 00:00:00+00:00
71.7050000000000000,72.0000000000000000,50.0000000000000000,58.0000000000000000,1621468800,373200.6170000000000000,2021-05-20 00:00:00+00:00
57.8510000000000000,72.6130000000000000,51.5320000000000000,71.5700000000000000,1621555200,466977.7480000000000000,2021-05-21 00:00:00+00:00
51.3170000000000000,58.3000000000000000,49.2960000000000000,57.9180000000000000,1621641600,554743.9510000000000000,2021-05-22 00:00:00+00:00
43.5490000000000000,54.4850000000000000,36.1790000000000000,52.5240000000000000,1621728000,705246.9360000000000000,2021-05-23 00:00:00+00:00
54.0630000000000000,54.4700000000000000,41.9100000000000000,44.3400000000000000,1621814400,576710.0500000000000000,2021-05-24 00:00:00+00:00
56.4620000000000000,59.3900000000000000,50.9380000000000000,55.8150000000000000,1621900800,701852.9770000000000000,2021-05-25 00:00:00+00:00
62.5000000000000000,63.4990000000000000,55.0330000000000000,56.7390000000000000,1621987200,444218.4870000000000000,2021-05-26 00:00:00+00:00
62.9470000000000000,66.4200000000000000,56.6970000000000000,62.4960000000000000,1622073600,685111.0380000000000000,2021-05-27 00:00:00+00:00
54.4210000000000000,63.0000000000000000,52.2960000000000000,62.9240000000000000,1622160000,395925.5560000000000000,2021-05-28 00:00:00+00:00
50.0330000000000000,56.8870000000000000,47.9830000000000000,54.4110000000000000,1622246400,375847.6290000000000000,2021-05-29 00:00:00+00:00
51.5790000000000000,53.5000000000000000,47.0430000000000000,49.3910000000000000,1622332800,367501.3300000000000000,2021-05-30 00:00:00+00:00
56.0000000000000000,56.0000000000000000,49.3300000000000000,51.5140000000000000,1622419200,345503.1520000000000000,2021-05-31 00:00:00+00:00
